p1,r1,p2,r2,game.Result
-1,0,-7,0,T1
5,0,-6,0,T1
5,0,0,0,T2
-4,0,-1,0,T2
8,0,-2,0,T1
-4,0,2,0,T2
7,0,0,0,Tie
1,0,-2,0,T1
-1,0,5,0,T2
-4,0,-1,0,Tie
-6,0,6,0,T2
0,0,4,0,T2
0,0,4,0,T2
-1,0,-4,0,T2
3,0,-2,0,T2
6,0,7,0,T2
-3,0,-1,0,T1
-1,0,-3,0,T1
0,0,1,0,Tie
-7,0,-3,0,T1
6,0,-3,0,Tie
8,0,-1,0,T2
3,0,0,0,T1
-4,0,-1,0,T2
-1,0,-1,0,Tie
2,0,-3,0,T1
-3,0,0,0,T1
-3,0,-5,0,T1
1,0,5,0,T1
-5,0,7,0,Tie
2,0,8,0,Tie
3,0,-4,0,T1
5,0,0,0,T1
-4,0,5,0,T2
-1,0,-3,0,Tie
-3,0,-3,0,T1
0,0,0,0,T1
-6,0,-4,0,T1
1,0,3,0,T2
-2,0,1,0,Tie
0,0,3,0,Tie
8,0,2,0,T1
5,0,-2,0,T1
-4,0,-3,0,T2
-2,0,2,0,T2
-3,0,0,0,Tie
-1,0,-5,0,T1
-4,0,-3,0,T1
1,0,5,0,Tie
2,0,-1,0,Tie
-4,0,-4,0,T1
-2,0,2,0,Tie
3,0,9,0,T1
4,0,-3,0,T1
1,0,0,0,T1
0,0,5,0,T2
-2,0,-4,0,T2
0,0,-3,0,T1
-3,0,-1,0,Tie
3,0,0,0,T2
3,0,-1,0,Tie
-2,0,3,0,T2
4,0,-4,0,T1
9,0,-1,0,T1
1,0,1,0,T2
-4,0,-1,0,Tie
-4,0,2,0,T2
-2,0,0,0,Tie
-2,0,0,0,Tie
0,0,-4,0,T1
-1,0,-2,0,T1
0,0,-3,0,T1
5,0,2,0,T2
-1,0,0,0,Tie
-1,0,-4,0,Tie
-3,0,-3,0,Tie
2,0,-1,0,Tie
-3,0,5,0,T1
-4,0,2,0,Tie
0,0,9,0,T2
3,0,1,0,T1
-2,0,4,0,T2
5,0,0,0,Tie
1,0,-3,0,T2
1,0,-6,0,T2
2,0,-4,0,Tie
-5,0,3,0,T1
-3,0,1,0,Tie
-3,0,1,0,T1
-3,0,8,0,T2
3,0,-2,0,Tie
5,0,4,0,T2
8,0,4,0,T1
1,0,-6,0,Tie
-1,0,-1,0,T1
-3,0,2,0,T2
1,0,-3,0,T1
-3,0,-1,0,T2
-6,0,-4,0,T2
1,0,1,0,Tie
-1,0,3,0,T1
-1,0,6,0,T1
0,0,5,0,T2
-3,0,8,0,T2
-2,0,-3,0,T1
1,0,3,0,T1
-5,0,-7,0,Tie
4,0,-1,0,T1
-3,0,-4,0,T2
1,0,-1,0,T2
-6,0,-2,0,T2
5,0,2,0,Tie
6,0,2,0,T1
4,0,6,0,T1
-3,0,2,0,T1
-1,0,-5,0,T2
3,0,-2,0,T1
-1,0,0,0,T2
0,0,-3,0,Tie
-5,0,-3,0,T1
2,0,2,0,T1
2,0,6,0,T2
-3,0,-3,0,T2
0,0,4,0,Tie
1,0,3,0,T1
-3,0,-4,0,Tie
0,0,-6,0,T1
-5,0,-2,0,T1
1,0,-4,0,T1
-1,0,5,0,T2
7,0,2,0,T1
3,0,-6,0,T1
-5,0,1,0,Tie
5,0,2,0,Tie
0,0,6,0,T2
-6,0,-4,0,T1
-3,0,0,0,Tie
1,0,1,0,T1
-2,0,-3,0,Tie
5,0,0,0,T2
7,0,-2,0,T1
1,0,0,0,T2
-2,0,3,0,T2
5,0,7,0,Tie
2,0,0,0,T1
-2,0,-3,0,T1
0,0,-4,0,Tie
1,0,-5,0,T1
-4,0,1,0,T2
-8,0,-3,0,T1
0,0,4,0,Tie
-4,0,2,0,T1
-4,0,4,0,T1
2,0,0,0,Tie
5,0,6,0,Tie
3,0,-2,0,T1
-7,0,-1,0,T1
3,0,-2,0,T2
-3,0,-9,0,Tie
0,0,-2,0,T1
7,0,4,0,T1
0,0,-1,0,T1
3,0,-3,0,T1
3,0,5,0,T1
5,0,1,0,T1
-1,0,8,0,Tie
-1,0,4,0,Tie
-1,0,2,0,Tie
-4,0,-3,0,T1
-10,0,-7,0,Tie
4,0,-3,0,Tie
3,0,1,0,T2
2,0,5,0,T2
8,0,1,0,T1
-7,0,-4,0,T2
-4,0,-4,0,Tie
-5,0,-10,0,T1
2,0,1,0,T1
-1,0,5,0,T1
3,0,6,0,T1
1,0,2,0,T1
-3,0,-1,0,T2
7,0,2,0,T2
-9,0,8,0,T2
-3,0,0,0,T1
-5,0,-4,0,Tie
0,0,-5,0,T1
0,0,3,0,Tie
6,0,0,0,T2
-4,0,6,0,Tie
1,0,-3,0,T1
0,0,6,0,Tie
1,0,0,0,Tie
9,0,8,0,Tie
0,0,2,0,T1
1,0,1,0,Tie
-8,0,-3,0,T1
1,0,-8,0,T1
-5,0,-2,0,T1
-1,0,-4,0,Tie
7,0,-6,0,T2
5,0,-5,0,T1
7,0,0,0,T1
0,0,0,0,Tie
-2,0,8,0,T2
-5,0,-8,0,T1
4,0,1,0,T2
2,0,7,0,T2
-1,0,1,0,Tie
-8,0,-1,0,T2
-3,0,-1,0,T2
2,0,8,0,T1
1,0,-3,0,Tie
1,0,-1,0,T2
7,0,-7,0,T1
9,0,-7,0,T1
-7,0,1,0,Tie
0,0,-4,0,T1
-1,0,-1,0,T1
0,0,2,0,T2
-3,0,0,0,Tie
-7,0,0,0,T2
-1,0,0,0,T1
-1,0,-3,0,T2
3,0,2,0,T2
-7,0,1,0,Tie
-2,0,11,0,T1
0,0,-7,0,T1
8,0,2,0,T1
-3,0,7,0,T2
1,0,-6,0,T1
1,0,-2,0,T1
10,0,-2,0,T1
0,0,2,0,T1
6,0,-1,0,T1
-7,0,6,0,T2
-1,0,-7,0,T1
-3,0,-1,0,T1
1,0,1,0,T1
3,0,-1,0,T1
6,0,-1,0,T1
-1,0,0,0,T2
3,0,6,0,T2
2,0,9,0,T2
-7,0,0,0,Tie
0,0,0,0,Tie
-1,0,0,0,Tie
0,0,-6,0,Tie
-1,0,-5,0,T2
-7,0,2,0,T2
2,0,2,0,T2
1,0,-6,0,T1
1,0,0,0,T2
10,0,1,0,T1
-6,0,-2,0,Tie
1,0,-7,0,Tie
-7,0,3,0,Tie
0,0,6,0,Tie
0,0,0,0,T1
6,0,0,0,Tie
1,0,1,0,T2
-3,0,2,0,Tie
5,0,7,0,T1
-1,0,1,0,Tie
-6,0,1,0,Tie
1,0,2,0,T1
-2,0,1,0,T1
-1,0,1,0,T1
-7,0,-6,0,T2
10,0,-5,0,T1
0,0,-1,0,T1
6,0,0,0,T1
1,0,10,0,Tie
3,0,0,0,T2
-5,0,-3,0,T2
3,0,-3,0,T2
-7,0,-4,0,T1
0,0,-6,0,T1
0,0,3,0,T1
3,0,4,0,T2
-4,0,6,0,Tie
0,0,-7,0,T1
0,0,0,0,Tie
10,0,1,0,T1
-2,0,-5,0,Tie
-1,0,3,0,T2
-3,0,-1,0,T2
-4,0,2,0,T2
1,0,2,0,T2
3,0,5,0,T1
-2,0,1,0,T1
-1,0,-3,0,T1
6,0,10,0,T2
5,0,2,0,T1
-4,0,0,0,Tie
0,0,3,0,T1
1,0,-3,0,T1
3,0,-4,0,T1
-2,0,-2,0,T1
-1,0,-5,0,T1
-1,0,0,0,T2
-4,0,-3,0,Tie
0,0,5,0,Tie
-3,0,6,0,T2
10,0,0,0,T1
2,0,-2,0,Tie
-5,0,-3,0,T1
3,0,-1,0,T1
3,0,3,0,Tie
-2,0,0,0,Tie
-4,0,-2,0,Tie
-2,0,9,0,T2
-1,0,-3,0,T1
-1,0,4,0,T1
-2,0,-4,0,T1
0,0,2,0,Tie
-5,0,3,0,T1
4,0,-1,0,T1
3,0,-2,0,T1
5,0,4,0,T1
-3,0,-1,0,Tie
4,0,-2,0,T1
2,0,0,0,T1
10,0,4,0,Tie
0,0,7,0,Tie
-2,0,3,0,T2
-4,0,-4,0,T1
2,0,-2,0,Tie
-2,0,-3,0,Tie
5,0,-2,0,T2
3,0,-2,0,T1
4,0,2,0,T2
1,0,-5,0,Tie
-2,0,7,0,Tie
-2,0,4,0,T2
-1,0,-1,0,T1
-4,0,2,0,Tie
-2,0,1,0,Tie
-4,0,-3,0,T2
0,0,10,0,T2
3,0,1,0,T1
1,0,-4,0,Tie
8,0,2,0,T2
-3,0,1,0,T1
9,0,-1,0,T1
-1,0,-4,0,Tie
-6,0,3,0,Tie
3,0,-1,0,Tie
-2,0,-1,0,T1
0,0,-1,0,T1
3,0,4,0,T1
-3,0,2,0,Tie
0,0,9,0,T2
-1,0,7,0,T2
-6,0,-1,0,T1
2,0,1,0,T2
-2,0,-2,0,T1
-1,0,-7,0,T2
1,0,1,0,T1
2,0,0,0,Tie
1,0,-5,0,T1
-3,0,1,0,T1
8,0,-4,0,Tie
7,0,0,0,T1
0,0,0,0,Tie
4,0,-1,0,T1
1,0,5,0,T1
0,0,-7,0,T1
1,0,0,0,T1
-1,0,2,0,T2
-4,0,4,0,T2
0,0,5,0,T2
-1,0,1,0,T1
-8,0,1,0,T1
0,0,2,0,T1
1,0,2,0,T1
5,0,-3,0,T1
-1,0,-1,0,Tie
0,0,0,0,T2
-3,0,8,0,Tie
-3,0,1,0,T1
0,0,-1,0,T1
6,0,1,0,Tie
1,0,-7,0,T1
-1,0,7,0,T2
5,0,4,0,Tie
-9,0,-1,0,T2
-2,0,-1,0,T1
1,0,0,0,Tie
-3,0,2,0,T2
2,0,1,0,Tie
0,0,-1,0,T1
3,0,7,0,T1
1,0,-2,0,T2
-7,0,-3,0,Tie
0,0,0,0,T1
6,0,-8,0,T1
0,0,0,0,T2
-1,0,7,0,Tie
-2,0,-2,0,T1
-1,0,5,0,T1
-3,0,3,0,T1
1,0,5,0,T2
6,0,-1,0,T1
-2,0,-6,0,T1
-8,0,0,0,T2
-3,0,0,0,T1
-2,0,-1,0,T1
-1,0,-1,0,T2
6,0,1,0,T1
-5,0,3,0,T2
2,0,-1,0,T2
6,0,-3,0,Tie
4,0,-1,0,T1
-2,0,-2,0,T1
-3,0,7,0,T1
-2,0,0,0,T1
1,0,0,0,Tie
-1,0,-8,0,T1
7,0,-1,0,Tie
-1,0,7,0,Tie
1,0,0,0,T1
-1,0,7,0,T2
0,0,3,0,T2
-4,0,3,0,Tie
-8,0,-6,0,T2
-1,0,1,0,Tie
-2,0,-3,0,Tie
-1,0,1,0,T1
5,0,-3,0,Tie
7,0,0,0,T1
-4,0,-2,0,T2
-2,0,4,0,T2
-1,0,0,0,T2
-2,0,-2,0,Tie
1,0,-5,0,T2
1,0,0,0,T1
7,0,3,0,T1
2,0,-8,0,T1
2,0,0,0,T2
3,0,0,0,T1
-1,0,0,0,T1
4,0,2,0,Tie
-2,0,6,0,T2
-2,0,0,0,T1
-3,0,-4,0,T1
-6,0,-1,0,T2
-2,0,3,0,T1
0,0,1,0,Tie
-5,0,6,0,Tie
5,0,-2,0,T1
-2,0,1,0,T1
4,0,-1,0,T1
-2,0,7,0,T2
2,0,1,0,T2
-1,0,-1,0,Tie
-1,0,-1,0,T1
1,0,-4,0,T1
0,0,-6,0,T1
3,0,-1,0,T1
3,0,2,0,T2
-4,0,3,0,T2
1,0,-3,0,T2
0,0,4,0,Tie
-4,0,-2,0,T2
0,0,-2,0,T2
-3,0,-2,0,Tie
-1,0,0,0,Tie
-1,0,0,0,T2
6,0,4,0,T1
-3,0,5,0,T1
-1,0,-1,0,Tie
4,0,7,0,Tie
-4,0,3,0,T1
-4,0,-5,0,Tie
-4,0,0,0,T1
4,0,-1,0,Tie
1,0,-4,0,T1
5,0,-3,0,T2
2,0,-1,0,Tie
4,0,6,0,T1
-2,0,-3,0,T1
3,0,2,0,Tie
7,0,-2,0,T1
-4,0,4,0,T2
-3,0,-3,0,T1
-5,0,-3,0,T1
-4,0,-3,0,T2
-2,0,3,0,T1
1,0,3,0,Tie
-4,0,4,0,Tie
2,0,-2,0,T1
3,0,-1,0,T1
-5,0,7,0,T1
-3,0,-5,0,Tie
2,0,6,0,T1
-2,0,-3,0,T2
3,0,-3,0,Tie
-4,0,-1,0,T1
5,0,2,0,T1
3,0,3,0,T1
-1,0,-5,0,T2
7,0,3,0,T1
1,0,-3,0,Tie
-4,0,-2,0,Tie
-3,0,-3,0,Tie
-2,0,2,0,T2
-3,0,4,0,T2
0,0,1,0,T2
7,0,-5,0,T1
1,0,3,0,T2
-5,0,2,0,Tie
-3,0,7,0,T1
1,0,-3,0,T1
-3,0,-3,0,Tie
3,0,-1,0,T1
3,0,-2,0,T1
-4,0,-1,0,Tie
-3,0,6,0,T2
-1,0,3,0,T1
-1,0,1,0,Tie
2,0,-3,0,T1
4,0,-1,0,T2
2,0,4,0,T1
-3,0,-4,0,T1
-4,0,-3,0,Tie
6,0,2,0,Tie
-1,0,-7,0,T2
-1,0,3,0,T1
6,0,-3,0,T1
-3,0,6,0,T1
3,0,-6,0,T1
3,0,-2,0,T2
2,0,4,0,Tie
-2,0,2,0,T2
0,0,-4,0,Tie
-3,0,6,0,T2
3,0,-1,0,T1
-4,0,-3,0,Tie
-3,0,4,0,T2
1,0,-2,0,T1
7,0,1,0,T2
3,0,1,0,T1
4,0,3,0,Tie
-5,0,-2,0,T1
-7,0,-2,0,Tie
-5,0,2,0,T1
3,0,-1,0,T1
-3,0,-3,0,Tie
-1,0,5,0,T2
-1,0,2,0,T2
3,0,5,0,T2
2,0,3,0,T2
-2,0,-7,0,T1
1,0,3,0,T1
-2,0,-4,0,T1
0,0,-3,0,T1
-2,0,1,0,T2
-3,0,0,0,Tie
6,0,-4,0,Tie
-6,0,-2,0,T2
4,0,1,0,T1
-3,0,2,0,T1
-3,0,5,0,T2
5,0,1,0,T2
-4,0,4,0,Tie
1,0,1,0,T1
-2,0,-3,0,T2
2,0,-2,0,Tie
4,0,-4,0,Tie
1,0,-1,0,T1
-3,0,-3,0,T1
0,0,3,0,T1
3,0,3,0,T1
3,0,4,0,T1
1,0,-5,0,Tie
2,0,-4,0,Tie
-2,0,-5,0,T1
-2,0,4,0,T2
-3,0,4,0,T2
-5,0,2,0,Tie
4,0,0,0,T2
3,0,4,0,T1
-1,0,0,0,T2
-6,0,-1,0,T1
-2,0,-3,0,T2
-4,0,2,0,Tie
3,0,-1,0,T1
2,0,-2,0,T1
4,0,1,0,T1
2,0,4,0,Tie
5,0,-7,0,Tie
0,0,0,0,T1
-1,0,-5,0,T1
-3,0,1,0,T2
-3,0,-3,0,T1
-2,0,0,0,T2
2,0,4,0,T2
3,0,4,0,T1
1,0,-1,0,T1
-2,0,2,0,Tie
2,0,-1,0,T2
4,0,4,0,T2
4,0,-1,0,T1
-6,0,3,0,Tie
-1,0,0,0,Tie
3,0,-2,0,Tie
-8,0,1,0,Tie
0,0,-1,0,T1
-1,0,-3,0,Tie
-2,0,2,0,T2
-5,0,3,0,T2
-1,0,1,0,T1
4,0,0,0,T1
1,0,0,0,T1
2,0,5,0,T1
0,0,-4,0,Tie
-1,0,-9,0,Tie
2,0,-2,0,Tie
-2,0,6,0,Tie
4,0,4,0,T2
-2,0,4,0,T1
1,0,5,0,T1
3,0,1,0,T1
4,0,-5,0,T1
-2,0,1,0,T2
3,0,-3,0,T2
-2,0,-1,0,Tie
-9,0,-2,0,Tie
-4,0,1,0,T1
3,0,3,0,T1
5,0,-1,0,T1
-1,0,2,0,T1
4,0,5,0,T1
6,0,2,0,T2
4,0,-1,0,Tie
-6,0,-9,0,Tie
-5,0,2,0,Tie
-2,0,-2,0,T1
1,0,-3,0,T2
-2,0,3,0,T1
5,0,0,0,Tie
-2,0,5,0,Tie
-1,0,5,0,T2
0,0,7,0,Tie
3,0,0,0,T1
2,0,0,0,T2
0,0,-5,0,T1
0,0,-7,0,T2
-1,0,2,0,T2
-8,0,-1,0,T2
-2,0,-5,0,T1
1,0,5,0,T2
5,0,0,0,T1
6,0,3,0,T1
10,0,-2,0,T2
-1,0,-2,0,T1
-5,0,1,0,Tie
-3,0,1,0,T1
-2,0,-8,0,T1
-4,0,3,0,T2
-2,0,-1,0,T1
0,0,0,0,Tie
-1,0,8,0,T1
3,0,1,0,T1
1,0,-1,0,T1
1,0,-5,0,Tie
-7,0,9,0,T2
1,0,-2,0,T1
-1,0,0,0,T1
0,0,-1,0,Tie
4,0,-1,0,T1
-6,0,4,0,T1
8,0,2,0,T1
-1,0,0,0,T1
0,0,3,0,T1
-2,0,-1,0,Tie
-7,0,-4,0,Tie
-2,0,0,0,T2
9,0,5,0,Tie
-2,0,9,0,Tie
1,0,4,0,Tie
3,0,8,0,Tie
4,0,-2,0,T2
0,0,-2,0,Tie
-2,0,-1,0,T2
1,0,0,0,T1
4,0,0,0,T1
-2,0,-5,0,T1
-1,0,-5,0,T1
-2,0,3,0,T1
-1,0,1,0,Tie
6,0,7,0,T2
7,0,-1,0,T1
-4,0,-3,0,T2
1,0,-2,0,Tie
-3,0,4,0,T2
-2,0,-1,0,Tie
-1,0,-1,0,T1
-1,0,5,0,T1
7,0,-1,0,Tie
2,0,-2,0,T1
6,0,7,0,Tie
-1,0,6,0,T2
-1,0,-3,0,Tie
-2,0,-3,0,T1
0,0,-1,0,T1
-1,0,0,0,Tie
-3,0,-2,0,T1
4,0,-4,0,Tie
-2,0,-1,0,T2
7,0,0,0,T1
1,0,0,0,T2
-3,0,6,0,Tie
-3,0,8,0,Tie
-2,0,-2,0,T2
-1,0,-4,0,T1
-3,0,0,0,T1
-1,0,6,0,T1
6,0,0,0,T1
8,0,-1,0,Tie
-3,0,-1,0,T1
7,0,5,0,T2
7,0,-2,0,T1
0,0,-1,0,Tie
-1,0,5,0,T2
-3,0,2,0,T1
-5,0,-2,0,T1
1,0,-3,0,T2
-1,0,-1,0,T1
-5,0,-4,0,T1
6,0,-5,0,T2
6,0,7,0,Tie
0,0,7,0,Tie
-3,0,0,0,T1
-2,0,-3,0,Tie
-1,0,2,0,T1
-2,0,-1,0,T1
4,0,1,0,T2
1,0,6,0,Tie
-7,0,-1,0,T1
5,0,0,0,T1
1,0,6,0,Tie
4,0,-1,0,T1
-2,0,1,0,Tie
0,0,-2,0,T1
-6,0,8,0,T1
-4,0,2,0,T1
1,0,-1,0,T1
9,0,2,0,Tie
0,0,-8,0,T2
0,0,-2,0,T2
0,0,7,0,T2
-1,0,0,0,T2
1,0,2,0,T2
6,0,-7,0,Tie
1,0,-1,0,T2
0,0,-3,0,T1
3,0,6,0,T2
9,0,0,0,Tie
-2,0,-2,0,T1
0,0,-2,0,T2
1,0,6,0,T2
-2,0,-7,0,T1
0,0,-5,0,T1
3,0,0,0,T2
-6,0,6,0,T2
6,0,1,0,T1
3,0,-5,0,T2
-4,0,9,0,T2
5,0,0,0,T1
0,0,3,0,Tie
0,0,2,0,T1
8,0,7,0,T1
-7,0,-3,0,T1
-5,0,0,0,Tie
-1,0,-3,0,T2
-6,0,-2,0,T1
5,0,-5,0,T1
-1,0,3,0,Tie
4,0,3,0,T2
1,0,-1,0,Tie
1,0,-6,0,Tie
-4,0,2,0,T1
-5,0,-6,0,Tie
6,0,-1,0,T1
-3,0,4,0,T2
1,0,8,0,T2
2,0,-6,0,Tie
2,0,1,0,T1
-2,0,6,0,T2
-4,0,-5,0,T2
-1,0,5,0,T2
-6,0,2,0,T1
0,0,0,0,T1
-3,0,-4,0,T1
-6,0,0,0,Tie
3,0,4,0,T1
1,0,-5,0,T1
6,0,2,0,T1
8,0,3,0,Tie
-2,0,1,0,T1
2,0,-4,0,T1
-5,0,3,0,T2
2,0,3,0,T1
3,0,-4,0,Tie
-7,0,-4,0,T1
4,0,7,0,T1
1,0,7,0,T2
-7,0,-4,0,T1
7,0,-5,0,T1
3,0,3,0,Tie
1,0,-6,0,T1
-1,0,-6,0,T1
5,0,0,0,T1
0,0,2,0,T1
-4,0,4,0,T2
-4,0,2,0,T2
-3,0,1,0,T2
3,0,-3,0,T1
1,0,3,0,T1
-3,0,-4,0,Tie
-1,0,1,0,T1
0,0,0,0,T2
1,0,-2,0,T1
-6,0,-3,0,T1
2,0,3,0,Tie
-7,0,7,0,T1
4,0,3,0,T1
-7,0,7,0,Tie
0,0,7,0,T2
-1,0,-6,0,T1
-7,0,5,0,T1
5,0,1,0,T1
-1,0,3,0,T1
7,0,-7,0,T1
1,0,-1,0,T2
0,0,1,0,T2
-3,0,6,0,T1
2,0,3,0,Tie
3,0,-7,0,T1
5,0,4,0,T1
-7,0,2,0,Tie
0,0,2,0,Tie
4,0,-4,0,T2
-7,0,-3,0,T1
-5,0,0,0,T2
4,0,-1,0,Tie
-7,0,0,0,T1
1,0,6,0,T1
2,0,-6,0,T1
-2,0,-5,0,T1
6,0,4,0,Tie
-4,0,1,0,Tie
6,0,5,0,T1
0,0,-6,0,T1
1,0,4,0,T2
-2,0,0,0,T2
1,0,-5,0,Tie
-1,0,0,0,T1
-7,0,-3,0,T1
1,0,2,0,T2
3,0,0,0,T1
-2,0,8,0,T1
3,0,-5,0,T2
-7,0,0,0,T1
-6,0,8,0,Tie
5,0,0,0,Tie
-7,0,1,0,T2
5,0,-1,0,T2
2,0,-7,0,Tie
-4,0,7,0,T2
8,0,-6,0,T1
1,0,5,0,T2
2,0,-8,0,Tie
-4,0,-1,0,Tie
2,0,-9,0,T2
1,0,4,0,T2
-2,0,5,0,T1
-3,0,5,0,T1
0,0,6,0,T1
8,0,-2,0,T1
-6,0,1,0,Tie
-6,0,1,0,T2
7,0,-1,0,T2
-9,0,0,0,Tie
-3,0,-1,0,T1
7,0,0,0,T2
7,0,-7,0,Tie
-5,0,9,0,Tie
4,0,-4,0,T2
0,0,-8,0,T1
0,0,8,0,T1
1,0,7,0,Tie
-1,0,-5,0,T1
-6,0,-3,0,T1
8,0,4,0,T1
-4,0,-3,0,T1
-7,0,7,0,Tie
-4,0,-3,0,T1
-1,0,10,0,Tie
6,0,-4,0,T1
-8,0,6,0,T2
-4,0,-6,0,T1
5,0,3,0,T1
3,0,1,0,T1
10,0,8,0,Tie
-8,0,-6,0,Tie
-2,0,0,0,T2
-2,0,5,0,T2
-5,0,-4,0,T1
-4,0,-4,0,Tie
-5,0,-1,0,Tie
8,0,0,0,Tie
6,0,1,0,T2
-5,0,11,0,Tie
1,0,3,0,T2
-2,0,-1,0,T1
8,0,-3,0,T1
3,0,-6,0,T2
-6,0,-2,0,Tie
3,0,-7,0,T1
-2,0,-6,0,Tie
6,0,3,0,Tie
-2,0,4,0,Tie
-4,0,-4,0,T2
11,0,-4,0,T1
6,0,-1,0,T1
-4,0,-5,0,Tie
1,0,2,0,T1
-4,0,-5,0,T2
-4,0,1,0,Tie
4,0,5,0,T2
1,0,-7,0,T1
-4,0,6,0,T2
3,0,-2,0,T1
-2,0,-5,0,Tie
0,0,11,0,T2
-4,0,-4,0,T2
8,0,2,0,T1
4,0,8,0,T1
2,0,-5,0,T1
10,0,3,0,T1
-5,0,-2,0,Tie
6,0,4,0,T1
-4,0,-2,0,T1
-5,0,3,0,T2
-1,0,-4,0,T1
0,0,-3,0,T1
-6,0,-3,0,T1
-4,0,5,0,T1
3,0,-1,0,Tie
-4,0,-7,0,T2
3,0,0,0,T1
-2,0,-5,0,Tie
8,0,-4,0,Tie
-3,0,7,0,T1
-3,0,-5,0,Tie
4,0,9,0,T2
-4,0,3,0,T2
0,0,-2,0,T1
-9,0,3,0,T1
8,0,9,0,Tie
-6,0,-3,0,T1
6,0,6,0,Tie
2,0,-2,0,T1
-4,0,2,0,T2
-3,0,-3,0,T2
-2,0,-3,0,T1
6,0,-2,0,T1
9,0,-3,0,T1
-4,0,-5,0,T1
-1,0,5,0,T2
-4,0,7,0,T1
5,0,-1,0,T1
1,0,-2,0,T1
-1,0,6,0,T2
2,0,-2,0,Tie
-3,0,-9,0,Tie
2,0,0,0,Tie
5,0,-3,0,T1
-1,0,-1,0,T1
4,0,5,0,T1
6,0,-1,0,T1
-2,0,-3,0,T1
-3,0,0,0,Tie
-3,0,0,0,Tie
-8,0,8,0,T2
-6,0,4,0,T1
0,0,2,0,T2
-2,0,-5,0,T1
-1,0,3,0,T2
0,0,6,0,T1
4,0,-1,0,T1
-1,0,-7,0,T1
2,0,4,0,T2
2,0,-1,0,T1
-1,0,-4,0,T2
-4,0,1,0,T1
9,0,-2,0,T1
-2,0,1,0,T1
-3,0,3,0,T1
7,0,-2,0,T2
-5,0,-2,0,T2
-2,0,0,0,T1
-5,0,-3,0,T1
-7,0,2,0,Tie
3,0,1,0,T1
5,0,10,0,Tie
4,0,1,0,T2
-3,0,2,0,Tie
3,0,5,0,T1
0,0,-3,0,Tie
-4,0,-2,0,T1
1,0,-5,0,T1
-1,0,-6,0,T1
1,0,-4,0,T1
0,0,6,0,T1
-2,0,8,0,Tie
10,0,-2,0,Tie
4,0,0,0,T1
-4,0,4,0,Tie
-2,0,10,0,Tie
8,0,1,0,T1
0,0,-4,0,T1
-3,0,2,0,T1
-3,0,1,0,T2
-3,0,1,0,T1
-5,0,-3,0,T2
4,0,-1,0,T1
8,0,-2,0,T1
3,0,-2,0,T2
8,0,5,0,T1
-2,0,-1,0,T1
4,0,-3,0,Tie
-5,0,-3,0,T1
1,0,-4,0,T1
1,0,-1,0,T2
-3,0,-2,0,Tie
1,0,4,0,Tie
-2,0,6,0,T1
-3,0,7,0,T2
-3,0,2,0,T1
3,0,2,0,Tie
-1,0,-1,0,T1
4,0,-3,0,T1
-2,0,-3,0,T2
-3,0,1,0,Tie
4,0,8,0,T2
-4,0,-2,0,T1
2,0,-4,0,Tie
8,0,-2,0,T1
5,0,5,0,T1
-3,0,5,0,Tie
4,0,4,0,T1
-3,0,-2,0,Tie
1,0,-2,0,T1
-1,0,-3,0,Tie
1,0,-4,0,Tie
-3,0,-2,0,Tie
-5,0,-3,0,Tie
3,0,4,0,T1
-2,0,-2,0,Tie
-2,0,3,0,Tie
4,0,-1,0,T1
-3,0,-1,0,Tie
5,0,-2,0,T1
9,0,1,0,Tie
-1,0,-1,0,T2
-1,0,4,0,T2
5,0,-4,0,T2
3,0,-2,0,T1
-1,0,-2,0,Tie
1,0,0,0,T1
1,0,3,0,Tie
-2,0,-5,0,T1
-2,0,7,0,T1
-2,0,-2,0,T2
-2,0,4,0,Tie
-1,0,10,0,Tie
-3,0,-2,0,Tie
0,0,3,0,Tie
6,0,3,0,T1
-3,0,-1,0,T1
1,0,1,0,T1
-2,0,-1,0,T1
0,0,-3,0,T1
-5,0,-3,0,Tie
3,0,-1,0,Tie
10,0,6,0,Tie
-2,0,3,0,Tie
-3,0,-2,0,T1
3,0,-4,0,T1
-3,0,8,0,T2
7,0,1,0,Tie
0,0,5,0,T2
0,0,-1,0,T2
0,0,0,0,Tie
-2,0,-2,0,T1
5,0,-2,0,T2
0,0,2,0,T2
6,0,-2,0,T1
-3,0,1,0,T1
7,0,6,0,T1
0,0,-1,0,T2
-3,0,-4,0,Tie
0,0,-2,0,T1
1,0,-1,0,T2
2,0,-1,0,T1
5,0,-2,0,T1
1,0,1,0,T1
0,0,4,0,T2
-3,0,-1,0,T1
7,0,-3,0,Tie
-3,0,0,0,Tie
-2,0,0,0,T1
3,0,7,0,T2
-4,0,6,0,Tie
-2,0,1,0,Tie
-1,0,1,0,Tie
0,0,-1,0,T1
1,0,8,0,Tie
8,0,-5,0,T2
-1,0,-1,0,T1
-3,0,-1,0,T1
4,0,1,0,T2
0,0,0,0,Tie
6,0,-1,0,Tie
1,0,-1,0,Tie
1,0,-3,0,Tie
0,0,-2,0,T2
0,0,-3,0,T2
2,0,1,0,T2
-1,0,4,0,T2
-1,0,9,0,Tie
-5,0,1,0,T1
8,0,5,0,Tie
0,0,3,0,T1
-4,0,0,0,Tie
0,0,-3,0,T2
2,0,0,0,T1
-3,0,2,0,Tie
-3,0,-5,0,T1
1,0,3,0,T2
2,0,0,0,T2
9,0,-1,0,T1
0,0,8,0,Tie
-3,0,-4,0,T2
-1,0,-4,0,T1
-7,0,4,0,T2
-5,0,-1,0,T1
3,0,-2,0,T1
0,0,-4,0,T2
2,0,9,0,Tie
-1,0,3,0,T1
-3,0,0,0,T2
9,0,2,0,Tie
3,0,0,0,Tie
-4,0,-8,0,T2
1,0,-4,0,T2
9,0,3,0,T1
-2,0,4,0,T1
-5,0,4,0,Tie
2,0,1,0,Tie
-2,0,-1,0,T2
-5,0,-1,0,T1
1,0,-3,0,Tie
1,0,-1,0,T1
-10,0,-4,0,T1
2,0,9,0,Tie
-4,0,2,0,Tie
1,0,2,0,T1
-1,0,1,0,Tie
-2,0,-9,0,T1
-2,0,3,0,T1
-4,0,-1,0,T1
0,0,5,0,T1
8,0,-4,0,T1
0,0,8,0,T2
3,0,-5,0,Tie
0,0,1,0,T1
5,0,9,0,T1
1,0,4,0,Tie
3,0,-4,0,Tie
1,0,-5,0,Tie
-4,0,-2,0,Tie
0,0,-1,0,T2
-1,0,-1,0,T1
-10,0,0,0,T2
-3,0,8,0,T2
-5,0,6,0,T1
0,0,0,0,T2
-1,0,-5,0,Tie
8,0,-1,0,Tie
0,0,1,0,Tie
-1,0,-2,0,T1
2,0,0,0,Tie
8,0,-9,0,T1
-4,0,1,0,T2
4,0,-1,0,T1
7,0,1,0,T1
6,0,-1,0,T1
-1,0,-1,0,Tie
-2,0,-9,0,Tie
-1,0,3,0,T1
-1,0,-4,0,Tie
-4,0,4,0,Tie
-1,0,1,0,T1
-1,0,-5,0,Tie
1,0,8,0,Tie
0,0,6,0,T2
-8,0,-2,0,T2
3,0,7,0,T1
-2,0,-3,0,T2
0,0,-1,0,T1
-1,0,-1,0,T1
3,0,1,0,T2
0,0,0,0,T1
-5,0,-4,0,Tie
8,0,-1,0,Tie
-1,0,0,0,Tie
7,0,-2,0,Tie
7,0,-5,0,T1
-2,0,0,0,Tie
-2,0,10,0,T1
0,0,0,0,Tie
-1,0,3,0,T2
0,0,-10,0,Tie
-3,0,0,0,Tie
-6,0,5,0,T1
0,0,-2,0,Tie
-2,0,8,0,Tie
-4,0,7,0,T2
-1,0,-5,0,T1
4,0,-2,0,Tie
3,0,0,0,Tie
-1,0,1,0,Tie
10,0,-1,0,T1
-9,0,-3,0,T2
-3,0,0,0,T2
-1,0,-3,0,T2
-2,0,-8,0,T1
5,0,5,0,T1
-2,0,1,0,Tie
-4,0,-1,0,Tie
0,0,-4,0,T2
1,0,-1,0,Tie
-5,0,10,0,T2
-3,0,0,0,T1
8,0,4,0,Tie
9,0,-1,0,T1
2,0,-2,0,T2
5,0,0,0,Tie
-2,0,-4,0,T1
1,0,7,0,T2
-2,0,-2,0,T1
-4,0,-2,0,T1
-3,0,-5,0,T2
-7,0,1,0,Tie
5,0,4,0,T2
7,0,-7,0,T1
-2,0,1,0,T2
6,0,7,0,T2
0,0,-3,0,Tie
-3,0,-2,0,T2
-4,0,-2,0,Tie
2,0,3,0,T2
1,0,-2,0,Tie
-4,0,-2,0,T1
-1,0,5,0,T1
4,0,-2,0,T1
-1,0,5,0,T2
6,0,8,0,Tie
-1,0,2,0,Tie
-2,0,-4,0,T2
-3,0,3,0,Tie
2,0,-1,0,T1
-3,0,-4,0,Tie
-7,0,-1,0,Tie
0,0,-1,0,T1
-3,0,4,0,T2
1,0,8,0,T1
-3,0,2,0,T2
5,0,-1,0,T1
-1,0,-3,0,T2
-5,0,0,0,Tie
-1,0,-3,0,T1
0,0,-8,0,Tie
0,0,2,0,T1
8,0,-2,0,T1
-2,0,1,0,T1
2,0,-3,0,T1
7,0,-2,0,T1
-3,0,5,0,T2
5,0,-2,0,Tie
-3,0,0,0,T1
-5,0,2,0,T1
4,0,-6,0,T2
-9,0,2,0,Tie
1,0,5,0,T2
-3,0,-4,0,T1
0,0,8,0,Tie
5,0,4,0,Tie
-4,0,-1,0,T1
2,0,1,0,T2
5,0,-9,0,T1
-2,0,-2,0,Tie
-4,0,0,0,T2
1,0,-3,0,T1
1,0,6,0,T1
-1,0,0,0,T2
2,0,-3,0,T1
-4,0,5,0,Tie
-3,0,6,0,T1
1,0,-3,0,T1
-2,0,3,0,T1
-1,0,2,0,T1
-5,0,0,0,T1
-9,0,5,0,T2
8,0,-2,0,T1
-4,0,-5,0,T1
7,0,-1,0,T1
5,0,4,0,T1
-2,0,0,0,T1
3,0,-10,0,T1
3,0,-1,0,T1
-2,0,6,0,T2
0,0,-3,0,T1
5,0,0,0,T1
-5,0,3,0,T1
3,0,-6,0,T2
0,0,-3,0,Tie
-4,0,0,0,T1
-1,0,4,0,T1
-4,0,0,0,T1
4,0,0,0,Tie
6,0,3,0,Tie
-6,0,4,0,T1
3,0,5,0,Tie
-10,0,-2,0,Tie
3,0,-5,0,Tie
-1,0,0,0,Tie
-1,0,2,0,Tie
4,0,4,0,Tie
0,0,0,0,T1
2,0,-11,0,T1
4,0,-2,0,T1
-1,0,2,0,Tie
1,0,0,0,Tie
5,0,-4,0,Tie
-3,0,1,0,T2
4,0,1,0,T1
1,0,3,0,Tie
-1,0,3,0,T2
-2,0,0,0,T1
0,0,-3,0,T1
-5,0,-1,0,Tie
2,0,2,0,Tie
-10,0,4,0,T2
1,0,4,0,Tie
4,0,0,0,T1
1,0,3,0,T1
-2,0,4,0,T1
0,0,2,0,Tie
0,0,-4,0,T1
-3,0,0,0,T1
1,0,-2,0,T1
-3,0,0,0,Tie
-10,0,-2,0,Tie
5,0,5,0,T2
0,0,0,0,Tie
5,0,0,0,Tie
2,0,-1,0,T1
-3,0,-3,0,T2
1,0,-2,0,T2
6,0,1,0,Tie
0,0,-9,0,T1
-3,0,0,0,Tie
-2,0,-2,0,Tie
4,0,5,0,T1
-1,0,1,0,T1
2,0,6,0,Tie
5,0,-1,0,T1
-8,0,1,0,T2
0,0,5,0,T2
-2,0,4,0,T2
-1,0,2,0,Tie
-5,0,1,0,T1
0,0,3,0,T1
-1,0,-2,0,T1
-4,0,1,0,T1
0,0,4,0,T2
1,0,-1,0,Tie
1,0,1,0,T1
4,0,1,0,T1
3,0,-1,0,T1
-2,0,-8,0,Tie
5,0,0,0,Tie
3,0,-5,0,Tie
-1,0,-3,0,T1
-1,0,6,0,T2
0,0,0,0,T1
-2,0,-3,0,T2
5,0,4,0,T1
-1,0,4,0,T1
-2,0,7,0,T1
0,0,-1,0,T2
-6,0,3,0,Tie
-2,0,0,0,Tie
-9,0,0,0,T1
1,0,4,0,Tie
-2,0,-3,0,Tie
-1,0,5,0,Tie
4,0,-1,0,Tie
1,0,-1,0,Tie
3,0,-7,0,T1
-2,0,-8,0,T1
1,0,-4,0,T2
3,0,2,0,T1
2,0,0,0,T1
0,0,1,0,T2
-8,0,4,0,Tie
5,0,9,0,T2
3,0,1,0,Tie
1,0,3,0,T2
-4,0,0,0,T1
-1,0,-1,0,T2
-2,0,1,0,T1
-3,0,2,0,T2
-6,0,0,0,T2
1,0,3,0,T1
0,0,0,0,T1
-3,0,2,0,Tie
3,0,7,0,T1
1,0,-5,0,T1
8,0,-2,0,T1
1,0,-1,0,Tie
2,0,-8,0,Tie
2,0,-4,0,T2
0,0,0,0,T2
0,0,1,0,Tie
5,0,3,0,T1
1,0,1,0,T1
-2,0,2,0,T1
-6,0,-2,0,T1
-1,0,2,0,T2
0,0,1,0,T2
-4,0,0,0,T1
-7,0,2,0,T2
3,0,9,0,Tie
0,0,6,0,Tie
0,0,-2,0,T1
-1,0,-2,0,T2
4,0,2,0,T2
2,0,-6,0,T1
8,0,-6,0,T1
0,0,1,0,T1
2,0,-4,0,Tie
2,0,-2,0,Tie
3,0,2,0,T2
-1,0,2,0,Tie
5,0,4,0,T1
-6,0,4,0,T1
-2,0,-2,0,Tie
1,0,3,0,T1
-7,0,5,0,T1
-1,0,-1,0,T2
1,0,0,0,Tie
1,0,1,0,T2
-5,0,7,0,T2
3,0,-5,0,T1
-1,0,1,0,Tie
7,0,0,0,Tie
0,0,0,0,T2
2,0,-5,0,T1
-3,0,-4,0,T1
4,0,-1,0,T2
4,0,-3,0,Tie
6,0,1,0,Tie
-1,0,3,0,T2
-7,0,-2,0,T1
0,0,7,0,T1
3,0,2,0,Tie
-5,0,8,0,Tie
-1,0,4,0,T2
-2,0,-1,0,T1
-2,0,0,0,T2
1,0,7,0,T1
-3,0,-1,0,T2
2,0,-2,0,T2
-8,0,4,0,Tie
3,0,2,0,Tie
0,0,-6,0,T2
-2,0,-2,0,T1
-2,0,-2,0,Tie
3,0,-2,0,Tie
8,0,1,0,T1
6,0,-1,0,T1
0,0,-1,0,Tie
8,0,0,0,Tie
-2,0,4,0,Tie
1,0,8,0,T1
-4,0,-3,0,T2
5,0,0,0,Tie
-1,0,11,0,T1
-2,0,-7,0,T1
-1,0,-2,0,T2
3,0,1,0,T2
-1,0,7,0,Tie
-1,0,-1,0,T2
4,0,-4,0,T1
-3,0,0,0,T1
-8,0,0,0,T1
-1,0,6,0,Tie
-3,0,-2,0,T1
0,0,-1,0,Tie
11,0,0,0,T2
9,0,-2,0,Tie
-1,0,-1,0,T2
8,0,2,0,Tie
-3,0,-1,0,Tie
-6,0,8,0,T2
-3,0,5,0,T2
-1,0,-2,0,Tie
-1,0,0,0,Tie
11,0,-5,0,T1
9,0,-5,0,T1
0,0,6,0,T1
-3,0,-2,0,T1
-7,0,0,0,T1
8,0,0,0,T1
0,0,8,0,Tie
-1,0,-4,0,T2
0,0,-1,0,Tie
4,0,1,0,T1
-1,0,0,0,T1
5,0,12,0,T1
-6,0,-2,0,T1
-6,0,-6,0,T1
-3,0,-5,0,T1
8,0,-3,0,Tie
-2,0,5,0,T2
-5,0,4,0,T2
-3,0,-1,0,Tie
-2,0,-3,0,Tie
-2,0,-6,0,T1
8,0,9,0,T1
2,0,0,0,Tie
-3,0,-7,0,Tie
-5,0,-1,0,T2
11,0,1,0,T1
-1,0,2,0,Tie
0,0,-4,0,T2
2,0,-6,0,T2
4,0,-1,0,T1
-5,0,-2,0,Tie
-4,0,-1,0,T1
4,0,7,0,T2
10,0,10,0,Tie
-3,0,-2,0,T1
1,0,-7,0,Tie
-9,0,-1,0,T1
-1,0,9,0,T2
-3,0,-3,0,Tie
9,0,0,0,T1
-4,0,-7,0,T2
-4,0,-9,0,T1
0,0,3,0,Tie
0,0,1,0,T1
-5,0,5,0,T2
-2,0,1,0,Tie
3,0,-1,0,Tie
4,0,3,0,T1
0,0,-2,0,Tie
-2,0,-6,0,T2
1,0,0,0,Tie
-4,0,-3,0,Tie
-10,0,-3,0,Tie
-6,0,9,0,T2
8,0,1,0,T1
2,0,6,0,Tie
-2,0,9,0,T2
-6,0,3,0,T1
0,0,7,0,T2
6,0,6,0,Tie
8,0,-4,0,T1
-3,0,-8,0,T1
-2,0,-3,0,T2
1,0,-2,0,T1
1,0,2,0,Tie
-4,0,-5,0,T1
-6,0,4,0,Tie
-2,0,4,0,T1
8,0,-1,0,T1
7,0,-3,0,T1
-6,0,-3,0,Tie
6,0,-2,0,Tie
-2,0,8,0,T1
-4,0,-6,0,T1
4,0,4,0,T2
-5,0,-1,0,Tie
-7,0,-1,0,T2
7,0,-1,0,T2
5,0,0,0,Tie
0,0,5,0,Tie
-2,0,-6,0,T2
-2,0,-6,0,T1
-2,0,-1,0,T1
-1,0,-4,0,T1
-5,0,3,0,T2
7,0,7,0,T1
3,0,-6,0,T1
6,0,-1,0,T1
5,0,8,0,T1
6,0,4,0,T1
-4,0,-3,0,Tie
2,0,0,0,T1
-7,0,-2,0,T1
-6,0,-1,0,Tie
-7,0,0,0,T1
5,0,-5,0,T1
0,0,0,0,Tie
0,0,1,0,T2
8,0,-5,0,T1
0,0,6,0,Tie
-3,0,-1,0,T1
-3,0,-9,0,T2
6,0,6,0,Tie
-1,0,4,0,Tie
0,0,2,0,T1
-6,0,-6,0,T2
4,0,-3,0,Tie
6,0,6,0,T2
6,0,0,0,Tie
-6,0,-6,0,Tie
6,0,5,0,Tie
-1,0,2,0,T1
0,0,0,0,T1
-4,0,-2,0,T2
1,0,-3,0,Tie
-11,0,4,0,Tie
6,0,3,0,T1
-5,0,8,0,Tie
9,0,5,0,T2
-3,0,5,0,T2
3,0,-5,0,T1
2,0,1,0,T1
-2,0,-9,0,T2
0,0,-10,0,T1
2,0,-4,0,T1
-1,0,1,0,T1
4,0,1,0,T1
2,0,1,0,T2
4,0,-1,0,T1
2,0,9,0,T2
-5,0,6,0,T1
-4,0,1,0,T1
-1,0,2,0,T1
-9,0,1,0,T2
-10,0,-9,0,T2
-4,0,2,0,T1
1,0,2,0,Tie
6,0,1,0,T1
5,0,-4,0,T1
1,0,-3,0,T1
0,0,-4,0,Tie
6,0,-9,0,T1
2,0,2,0,T2
8,0,-10,0,T1
-8,0,2,0,Tie
2,0,-1,0,T1
2,0,2,0,Tie
-4,0,3,0,T1
1,0,2,0,T1
1,0,-1,0,Tie
-3,0,1,0,T2
-4,0,8,0,Tie
-2,0,-8,0,T1
-11,0,8,0,T1
-10,0,4,0,T2
1,0,7,0,T1
3,0,1,0,Tie
8,0,-4,0,T1
1,0,-3,0,T1
1,0,-11,0,T1
-2,0,1,0,T1
4,0,-4,0,T1
8,0,-2,0,T1
-8,0,1,0,T2
8,0,-10,0,Tie
4,0,4,0,T1
0,0,-2,0,Tie
-1,0,8,0,T1
-1,0,3,0,T2
-3,0,7,0,T2
3,0,-7,0,T1
2,0,1,0,T2
-1,0,3,0,T2
-10,0,7,0,T2
-9,0,3,0,T2
-3,0,1,0,Tie
8,0,3,0,Tie
3,0,-1,0,T2
1,0,0,0,Tie
-3,0,2,0,T2
4,0,-4,0,T1
2,0,0,0,T1
7,0,1,0,T1
-6,0,1,0,T2
-11,0,-5,0,T2
6,0,-8,0,Tie
1,0,5,0,T1
-7,0,0,0,Tie
-2,0,2,0,T1
1,0,-11,0,T1
-4,0,-7,0,Tie
-1,0,5,0,T2
5,0,4,0,T2
4,0,4,0,T2
0,0,3,0,T1
-7,0,0,0,Tie
1,0,8,0,T2
-1,0,-5,0,T1
3,0,-6,0,T1
3,0,0,0,Tie
1,0,4,0,Tie
1,0,-1,0,Tie
1,0,2,0,T1
5,0,-2,0,T2
-13,0,-3,0,Tie
9,0,2,0,T1
-5,0,7,0,Tie
-4,0,-3,0,T1
6,0,9,0,T2
-1,0,3,0,T1
4,0,-7,0,T1
2,0,7,0,T2
-7,0,-12,0,T1
1,0,-1,0,Tie
2,0,3,0,Tie
2,0,5,0,T2
-1,0,-11,0,T1
-1,0,-5,0,T1
0,0,4,0,T2
6,0,9,0,T2
-3,0,3,0,T2
6,0,-6,0,T1
-2,0,-3,0,T1
-10,0,2,0,T1
2,0,5,0,Tie
1,0,1,0,T1
3,0,-3,0,T1
-13,0,2,0,T1
-7,0,-1,0,T1
6,0,-4,0,T2
2,0,8,0,T1
2,0,-1,0,T1
-3,0,0,0,Tie
3,0,4,0,T1
-2,0,5,0,T2
4,0,-10,0,T1
10,0,0,0,T1
-6,0,-1,0,T2
-2,0,10,0,T2
-11,0,-4,0,Tie
7,0,2,0,Tie
1,0,-5,0,T1
-1,0,0,0,T1
-2,0,9,0,T1
4,0,-12,0,Tie
-1,0,3,0,T1
-2,0,7,0,T1
-3,0,2,0,T2
-1,0,2,0,T1
3,0,0,0,T1
0,0,-9,0,T1
-3,0,0,0,T1
-11,0,6,0,Tie
12,0,1,0,T2
9,0,2,0,T1
8,0,0,0,T1
1,0,2,0,T1
-2,0,14,0,T1
6,0,8,0,Tie
0,0,3,0,Tie
2,0,-3,0,T2
2,0,-5,0,T2
2,0,-12,0,Tie
0,0,-4,0,T1
-7,0,7,0,T2
-1,0,-4,0,T2
2,0,0,0,T2
-4,0,-7,0,T1
0,0,1,0,T2
9,0,2,0,Tie
-4,0,2,0,Tie
-12,0,-2,0,T2
-3,0,0,0,T2
14,0,2,0,T1
5,0,4,0,T1
-5,0,7,0,T2
-3,0,1,0,T2
5,0,0,0,T1
-5,0,-1,0,T2
-2,0,3,0,T1
-5,0,7,0,T1
-11,0,-2,0,T2
-2,0,2,0,T2
14,0,-7,0,T1
1,0,5,0,T1
2,0,-2,0,T1
2,0,-5,0,T1
-1,0,0,0,T1
-1,0,-10,0,T1
-2,0,10,0,T2
4,0,-3,0,T1
8,0,-3,0,T2
-7,0,-2,0,Tie
4,0,16,0,T1
1,0,2,0,Tie
1,0,0,0,T2
-1,0,1,0,T2
11,0,1,0,T2
-4,0,17,0,T1
-4,0,-6,0,T1
3,0,3,0,T2
2,0,-3,0,Tie
-6,0,0,0,T1
-8,0,3,0,T2
-1,0,6,0,T2
0,0,-7,0,Tie
-6,0,0,0,T1
16,0,4,0,T1
0,0,13,0,T1
-4,0,-2,0,T1
2,0,0,0,T1
1,0,-5,0,T2
-1,0,2,0,Tie
2,0,-7,0,T1
5,0,2,0,T1
1,0,-5,0,T1
0,0,1,0,Tie
2,0,6,0,Tie
-5,0,3,0,Tie
0,0,0,0,T2
-6,0,0,0,T2
-3,0,-5,0,T1
-6,0,4,0,T2
1,0,15,0,T2
12,0,3,0,T1
3,0,-4,0,T1
2,0,-5,0,T1
-2,0,3,0,T1
0,0,1,0,Tie
-5,0,2,0,Tie
2,0,1,0,T1
6,0,-2,0,T1
-1,0,0,0,T1
-5,0,12,0,T2
14,0,-5,0,T1
3,0,-1,0,T2
3,0,0,0,T1
13,0,13,0,Tie
-5,0,-4,0,T1
-2,0,-1,0,T1
-4,0,1,0,T2
-3,0,-5,0,T1
1,0,2,0,Tie
1,0,4,0,Tie
6,0,-5,0,T1
-3,0,0,0,T2
12,0,-3,0,T1
1,0,4,0,Tie
1,0,4,0,T2
-4,0,0,0,T2
0,0,0,0,T1
-1,0,-2,0,T1
-7,0,-3,0,T1
5,0,5,0,T2
2,0,12,0,Tie
-4,0,1,0,Tie
-1,0,-3,0,T1
11,0,3,0,T1
0,0,12,0,T2
4,0,-6,0,T1
-5,0,0,0,T1
5,0,2,0,T1
-2,0,0,0,Tie
-1,0,5,0,T1
4,0,-3,0,T1
4,0,-3,0,T2
12,0,0,0,T1
3,0,-6,0,T2
-3,0,-4,0,T2
1,0,0,0,T1
0,0,3,0,Tie
-2,0,6,0,T1
-6,0,5,0,Tie
-4,0,12,0,T2
5,0,0,0,T2
6,0,5,0,Tie
-4,0,4,0,T1
3,0,-3,0,Tie
-4,0,-9,0,Tie
-7,0,6,0,T1
10,0,2,0,T1
-3,0,-6,0,Tie
3,0,-4,0,T1
-3,0,-1,0,T2
-7,0,12,0,T2
3,0,4,0,T1
-2,0,-6,0,T1
2,0,-3,0,T1
-3,0,5,0,T2
-3,0,9,0,T2
5,0,-7,0,T1
-7,0,-2,0,Tie
-9,0,3,0,T2
11,0,-2,0,T1
4,0,-2,0,T1
-6,0,2,0,Tie
4,0,-4,0,Tie
10,0,4,0,T2
-3,0,6,0,Tie
-3,0,4,0,Tie
-2,0,-10,0,Tie
-3,0,-2,0,Tie
-8,0,-1,0,T1
11,0,-7,0,T1
6,0,2,0,T2
6,0,4,0,Tie
-2,0,-2,0,T1
1,0,-7,0,T1
-3,0,9,0,T2
-2,0,-2,0,Tie
-6,0,5,0,T2
-9,0,-4,0,T2
1,0,-2,0,T1
5,0,10,0,T2
3,0,-5,0,T1
7,0,0,0,T2
-3,0,-11,0,T2
9,0,-1,0,T1
3,0,3,0,T1
-3,0,-3,0,Tie
-1,0,0,0,T2
-2,0,5,0,T1
-2,0,-4,0,Tie
-8,0,-6,0,T1
10,0,6,0,Tie
2,0,9,0,T2
6,0,-2,0,Tie
-1,0,3,0,Tie
-5,0,-1,0,T1
-5,0,-1,0,T1
-4,0,-1,0,T2
-11,0,-3,0,T2
-2,0,-8,0,T1
6,0,9,0,T2
3,0,6,0,Tie
6,0,-10,0,T1
0,0,8,0,T2
8,0,3,0,T1
4,0,-6,0,T2
0,0,-4,0,T2
-4,0,-2,0,T1
-2,0,4,0,T1
-4,0,6,0,T1
-6,0,-5,0,T2
-3,0,7,0,T1
6,0,-4,0,T1
8,0,7,0,Tie
4,0,-2,0,Tie
6,0,-3,0,T1
-3,0,2,0,T1
-5,0,3,0,T1
-6,0,0,0,T1
-10,0,-7,0,T2
-2,0,6,0,T2
4,0,-4,0,T1
0,0,5,0,T1
7,0,-1,0,T1
-3,0,6,0,T2
2,0,-2,0,T1
-2,0,6,0,T2
-1,0,-11,0,T2
-7,0,5,0,T2
-4,0,0,0,T2
6,0,-4,0,T1
-8,0,6,0,Tie
4,0,0,0,T1
-1,0,-3,0,T1
4,0,7,0,T1
6,0,2,0,Tie
0,0,-7,0,Tie
-3,0,-1,0,T2
6,0,-3,0,T1
-10,0,4,0,T2
-2,0,-7,0,T1
6,0,-2,0,T1
6,0,-3,0,T2
-4,0,-3,0,T1
7,0,5,0,T2
1,0,-10,0,T1
-2,0,-2,0,T1
-2,0,0,0,Tie
-2,0,6,0,T1
-7,0,6,0,Tie
-6,0,5,0,T2
4,0,1,0,T1
5,0,-2,0,T1
-10,0,-1,0,T1
-5,0,-2,0,T1
5,0,5,0,T1
1,0,-2,0,Tie
-3,0,-6,0,Tie
5,0,-1,0,Tie
2,0,7,0,T2
-4,0,-5,0,T1
4,0,7,0,T1
7,0,-2,0,T1
-3,0,-6,0,Tie
-4,0,4,0,T2
5,0,2,0,T1
7,0,5,0,Tie
-2,0,5,0,T1
-2,0,3,0,T1
-1,0,-4,0,Tie
-7,0,-9,0,T1
-2,0,4,0,Tie
-5,0,6,0,Tie
5,0,-6,0,Tie
5,0,-3,0,T1
6,0,-4,0,Tie
0,0,-5,0,Tie
-1,0,5,0,T2
2,0,-3,0,T2
-9,0,-4,0,T2
-5,0,7,0,Tie
4,0,5,0,T2
-5,0,-3,0,T1
-1,0,2,0,T2
-6,0,6,0,Tie
-2,0,5,0,T2
5,0,-9,0,T1
-3,0,4,0,T2
-6,0,0,0,Tie
6,0,-1,0,Tie
-5,0,1,0,T2
-3,0,2,0,Tie
7,0,-5,0,Tie
-5,0,8,0,T1
4,0,-3,0,T1
2,0,5,0,T2
-5,0,-6,0,Tie
3,0,8,0,T1
6,0,-5,0,T1
-5,0,-1,0,T1
0,0,4,0,T2
0,0,-6,0,T2
1,0,-2,0,Tie
-11,0,7,0,T1
7,0,-2,0,T1
-3,0,4,0,T1
7,0,8,0,Tie
7,0,-6,0,Tie
-8,0,3,0,T1
4,0,-1,0,T1
-4,0,-3,0,T1
-3,0,-2,0,T2
-11,0,0,0,T2
-5,0,0,0,Tie
7,0,6,0,Tie
3,0,-3,0,T1
-1,0,-4,0,Tie
6,0,9,0,T1
5,0,1,0,T1
-7,0,-2,0,Tie
3,0,-5,0,T1
5,0,-11,0,T1
-1,0,-7,0,Tie
-3,0,7,0,T2
-2,0,7,0,T2
6,0,4,0,T1
-5,0,-5,0,T1
7,0,-1,0,T1
-3,0,-3,0,T2
7,0,-1,0,Tie
-11,0,5,0,T2
-5,0,5,0,T2
5,0,-8,0,Tie
6,0,-1,0,T2
-2,0,4,0,T2
4,0,3,0,Tie
-7,0,-3,0,T1
-4,0,-6,0,Tie
1,0,6,0,T2
4,0,-9,0,T1
-1,0,-1,0,T1
0,0,7,0,T2
5,0,3,0,T2
-8,0,0,0,T2
8,0,7,0,Tie
-10,0,0,0,T1
3,0,-5,0,T1
-8,0,0,0,Tie
-4,0,0,0,T1
-1,0,5,0,T2
-4,0,4,0,T2
8,0,-4,0,Tie
6,0,0,0,Tie
0,0,-8,0,Tie
0,0,-2,0,T1
0,0,-3,0,Tie
3,0,0,0,T1
-6,0,-7,0,T1
6,0,7,0,T1
4,0,3,0,Tie
0,0,8,0,Tie
-5,0,10,0,T1
5,0,-10,0,T1
1,0,5,0,Tie
-1,0,-6,0,T2
8,0,5,0,T1
11,0,-11,0,Tie
6,0,-1,0,Tie
0,0,2,0,T1
-6,0,-6,0,T2
-3,0,-1,0,T2
-9,0,6,0,Tie
-5,0,-2,0,T2
-2,0,1,0,T1
5,0,6,0,Tie
-10,0,-9,0,Tie
-4,0,6,0,T2
-1,0,3,0,T1
0,0,-6,0,Tie
0,0,-3,0,T1
7,0,9,0,Tie
2,0,12,0,T1
8,0,-2,0,T1
5,0,-4,0,T1
11,0,8,0,T1
2,0,1,0,T1
-2,0,0,0,Tie
8,0,-2,0,T2
1,0,-9,0,T1
-5,0,0,0,T2
-4,0,-8,0,T1
6,0,-2,0,T1
-9,0,-3,0,T2
0,0,6,0,T2
-1,0,7,0,T1
-8,0,1,0,T1
0,0,9,0,T2
-1,0,4,0,T2
2,0,7,0,T2
2,0,-6,0,T2
8,0,-4,0,T1
-4,0,2,0,Tie
6,0,-7,0,T1
-5,0,-2,0,T2
8,0,2,0,T1
4,0,1,0,T2
2,0,1,0,T1
-4,0,9,0,T1
-2,0,2,0,Tie
5,0,-3,0,T1
-3,0,-10,0,Tie
7,0,1,0,T1
-10,0,6,0,Tie
-5,0,8,0,T2
2,0,3,0,T2
-3,0,7,0,Tie
-3,0,-4,0,T1
3,0,-4,0,T2
2,0,5,0,Tie
1,0,2,0,Tie
2,0,-3,0,T2
9,0,-4,0,T1
4,0,1,0,T2
-3,0,-4,0,Tie
7,0,0,0,T2
7,0,3,0,Tie
1,0,9,0,Tie
-3,0,-2,0,T1
6,0,2,0,Tie
-5,0,-8,0,T1
-5,0,9,0,Tie
3,0,-4,0,Tie
2,0,-2,0,T1
-5,0,7,0,Tie
-7,0,6,0,T2
-4,0,-5,0,Tie
-1,0,-2,0,T1
-3,0,5,0,T1
-4,0,1,0,T2
1,0,1,0,Tie
8,0,4,0,T1
10,0,8,0,Tie
3,0,-3,0,T1
6,0,12,0,T1
-2,0,-1,0,Tie
2,0,-4,0,T1
1,0,-3,0,Tie
6,0,2,0,T1
-1,0,6,0,T2
-4,0,1,0,T2
2,0,-4,0,T2
7,0,-6,0,T1
-5,0,1,0,T2
-3,0,6,0,T2
7,0,3,0,Tie
-3,0,-1,0,Tie
6,0,2,0,T1
12,0,0,0,T1
0,0,7,0,Tie
0,0,-3,0,T1
-6,0,-3,0,T1
-2,0,1,0,T2
2,0,-1,0,T1
0,0,6,0,Tie
7,0,-3,0,Tie
0,0,-1,0,T1
-4,0,-5,0,T1
-2,0,-1,0,Tie
4,0,-4,0,T1
-2,0,12,0,T2
2,0,6,0,T2
1,0,1,0,Tie
-1,0,4,0,Tie
-2,0,4,0,T1
-3,0,-3,0,T1
-6,0,2,0,Tie
6,0,-2,0,Tie
-5,0,0,0,T1
10,0,2,0,T1
3,0,-2,0,T2
-3,0,0,0,Tie
7,0,8,0,Tie
-2,0,6,0,Tie
4,0,8,0,T1
6,0,9,0,T2
0,0,-4,0,T1
-2,0,2,0,T2
0,0,-1,0,T1
0,0,-3,0,T2
1,0,-4,0,T1
-2,0,-4,0,T2
8,0,-1,0,T1
4,0,5,0,T1
-2,0,-1,0,T2
7,0,-1,0,T1
-6,0,2,0,T1
0,0,-4,0,Tie
0,0,-3,0,Tie
-5,0,-3,0,Tie
2,0,6,0,T1
0,0,8,0,T2
9,0,2,0,T1
2,0,9,0,Tie
1,0,5,0,T1
7,0,-1,0,T1
-5,0,1,0,T1
4,0,0,0,T1
-2,0,1,0,T1
-1,0,-4,0,Tie
7,0,0,0,T2
-4,0,-6,0,T1
-4,0,9,0,T1
8,0,-4,0,T1
-8,0,6,0,T1
1,0,0,0,T2
4,0,8,0,Tie
0,0,7,0,Tie
-4,0,-4,0,T1
0,0,1,0,T2
0,0,0,0,T1
9,0,-3,0,T1
-2,0,0,0,T1
-5,0,-7,0,T1
5,0,-3,0,T1
2,0,-4,0,T2
-1,0,-2,0,T1
1,0,4,0,T2
-7,0,1,0,T1
6,0,-9,0,T1
1,0,7,0,Tie
-4,0,9,0,Tie
-1,0,7,0,T2
-5,0,-1,0,T2
-9,0,-3,0,T2
3,0,-5,0,T1
-4,0,4,0,Tie
-3,0,-1,0,T1
-6,0,-1,0,T2
7,0,2,0,T1
6,0,-3,0,T1
0,0,6,0,Tie
9,0,4,0,T1
3,0,6,0,Tie
7,0,8,0,T2
0,0,7,0,Tie
-5,0,-3,0,Tie
3,0,-7,0,Tie
1,0,-9,0,T1
0,0,-1,0,Tie
-3,0,-4,0,Tie
-2,0,3,0,Tie
-1,0,-5,0,T1
-5,0,1,0,Tie
-3,0,7,0,T2
-5,0,-1,0,T1
4,0,0,0,Tie
1,0,-8,0,T1
-7,0,1,0,T2
7,0,-1,0,Tie
6,0,-3,0,T1
-2,0,-3,0,T1
9,0,0,0,Tie
-2,0,8,0,T2
8,0,5,0,T2
-5,0,4,0,T1
-6,0,5,0,T2
1,0,2,0,T1
-1,0,-3,0,T1
1,0,-4,0,T2
1,0,-1,0,Tie
-1,0,-3,0,T1
-2,0,-8,0,Tie
7,0,0,0,T1
-2,0,0,0,T2
6,0,-2,0,Tie
-3,0,-6,0,T1
4,0,1,0,Tie
-3,0,-3,0,T2
-7,0,8,0,T2
1,0,-4,0,T1
3,0,2,0,T1
-2,0,-1,0,T1
0,0,-2,0,T1
0,0,-2,0,T1
7,0,7,0,T1
-1,0,7,0,T2
-3,0,1,0,Tie
-5,0,-4,0,T2
-1,0,-1,0,T1
1,0,3,0,Tie
-2,0,-8,0,Tie
0,0,-2,0,T1
2,0,2,0,T2
-4,0,-4,0,T1
-3,0,-4,0,T2
0,0,6,0,T2
0,0,2,0,T1
-9,0,-5,0,T2
3,0,1,0,T2
0,0,0,0,Tie
3,0,8,0,T2
6,0,2,0,T1
-6,0,1,0,T1
6,0,-2,0,T1
2,0,-8,0,T1
-2,0,6,0,T1
-5,0,-1,0,Tie
-5,0,3,0,T2
3,0,2,0,T2
9,0,-1,0,T2
0,0,0,0,T1
1,0,-3,0,T2
6,0,-3,0,T1
0,0,8,0,Tie
1,0,6,0,T2
-3,0,-5,0,Tie
0,0,2,0,Tie
-3,0,-3,0,Tie
-7,0,2,0,T2
2,0,1,0,Tie
1,0,1,0,T1
-1,0,-5,0,Tie
0,0,-1,0,T2
8,0,-1,0,T1
7,0,6,0,T1
-4,0,-3,0,T1
-4,0,0,0,Tie
-4,0,-2,0,T2
-1,0,-10,0,T2
2,0,-1,0,Tie
1,0,1,0,T1
2,0,1,0,Tie
1,0,1,0,Tie
0,0,2,0,Tie
5,0,-2,0,T1
1,0,6,0,T2
-2,0,-4,0,Tie
0,0,-4,0,Tie
-11,0,4,0,T1
6,0,2,0,T1
1,0,2,0,Tie
1,0,-5,0,Tie
0,0,-2,0,T2
-5,0,6,0,Tie
5,0,1,0,Tie
5,0,-1,0,T2
-3,0,-1,0,T2
-1,0,-2,0,T2
-6,0,2,0,T1
-3,0,0,0,Tie
3,0,1,0,T2
1,0,1,0,T1
6,0,-10,0,T1
0,0,5,0,T2
4,0,-2,0,T1
-1,0,7,0,T1
-3,0,3,0,T1
-2,0,4,0,Tie
-10,0,-1,0,T1
-1,0,-1,0,T1
0,0,-4,0,T1
1,0,4,0,Tie
1,0,-4,0,T1
4,0,1,0,T2
4,0,2,0,T2
-1,0,0,0,Tie
-3,0,0,0,T1
-2,0,-1,0,T1
-3,0,1,0,T2
1,0,-2,0,T1
-1,0,0,0,Tie
7,0,-1,0,T1
4,0,-10,0,T1
-1,0,6,0,T1
-2,0,8,0,Tie
-1,0,0,0,Tie
-1,0,6,0,Tie
-3,0,-2,0,T1
-11,0,-2,0,Tie
0,0,5,0,T1
0,0,-3,0,Tie
-3,0,0,0,T1
-1,0,2,0,Tie
6,0,0,0,T1
0,0,-1,0,T2
-4,0,0,0,T1
-2,0,6,0,Tie
-1,0,-10,0,T1
-1,0,-2,0,T1
9,0,-1,0,T1
-2,0,-2,0,T1
5,0,-1,0,Tie
2,0,0,0,Tie
5,0,4,0,T1
-3,0,10,0,T1
-2,0,0,0,T1
0,0,4,0,Tie
-2,0,0,0,T1
-3,0,-2,0,Tie
-10,0,-1,0,T2
0,0,2,0,T1
-2,0,5,0,T2
-2,0,-3,0,Tie
-1,0,-2,0,T1
-1,0,1,0,T1
1,0,-1,0,T1
-1,0,3,0,T2
-1,0,0,0,T1
8,0,0,0,T1
-2,0,-10,0,Tie
-1,0,-5,0,T2
3,0,5,0,Tie
4,0,0,0,T1
0,0,0,0,Tie
-1,0,-3,0,T2
5,0,8,0,Tie
-4,0,2,0,T2
2,0,3,0,T1
-1,0,1,0,T1
0,0,-11,0,T1
2,0,1,0,T1
-2,0,1,0,T1
0,0,6,0,Tie
3,0,-1,0,Tie
-2,0,0,0,T2
8,0,3,0,Tie
1,0,-3,0,T1
1,0,0,0,T2
-1,0,-1,0,T1
-11,0,-6,0,T2
-2,0,1,0,T1
3,0,1,0,Tie
2,0,4,0,Tie
-2,0,-3,0,T2
-1,0,1,0,T1
-1,0,-1,0,T1
-1,0,1,0,T1
-1,0,-10,0,T1
6,0,1,0,Tie
-1,0,-4,0,T1
-2,0,2,0,T2
0,0,10,0,T1
-1,0,7,0,Tie
0,0,3,0,T1
2,0,-1,0,T1
8,0,0,0,T1
2,0,7,0,T1
-3,0,-4,0,T2
-1,0,-1,0,T2
1,0,3,0,Tie
-9,0,-2,0,T2
-1,0,-3,0,Tie
-1,0,1,0,Tie
-4,0,-1,0,Tie
-2,0,3,0,T1
1,0,0,0,T1
4,0,8,0,T2
-2,0,0,0,Tie
0,0,0,0,Tie
-3,0,-2,0,T1
7,0,-1,0,T1
2,0,-8,0,T1
-4,0,-2,0,Tie
-2,0,3,0,T1
-3,0,-2,0,T1
2,0,6,0,T1
10,0,1,0,T2
1,0,-3,0,T1
-1,0,-1,0,T1
-2,0,-2,0,Tie
1,0,8,0,Tie
-1,0,1,0,T1
-7,0,-5,0,T2
-2,0,1,0,Tie
-3,0,-7,0,Tie
-2,0,1,0,T1
-5,0,-2,0,T1
7,0,5,0,T1
2,0,1,0,T2
8,0,-1,0,T2
1,0,-2,0,Tie
2,0,-3,0,Tie
9,0,-1,0,T1
-1,0,-4,0,T2
-4,0,7,0,T2
1,0,-3,0,Tie
2,0,9,0,T2
-7,0,7,0,Tie
-3,0,-2,0,Tie
-4,0,3,0,T1
-1,0,-2,0,Tie
-3,0,2,0,Tie
-2,0,1,0,T2
4,0,0,0,T1
7,0,-4,0,Tie
3,0,-3,0,T1
0,0,3,0,Tie
0,0,-3,0,T2
1,0,4,0,Tie
7,0,1,0,T1
1,0,-6,0,T1
-3,0,-2,0,T1
-3,0,-1,0,T1
8,0,0,0,T1
-2,0,0,0,T2
5,0,7,0,T2
-5,0,3,0,T1
5,0,6,0,T2
-5,0,0,0,T2
0,0,-3,0,Tie
-4,0,2,0,T1
-6,0,-2,0,T1
0,0,2,0,T1
1,0,5,0,T2
-4,0,0,0,T1
7,0,-6,0,T1
8,0,-3,0,T2
4,0,5,0,T2
7,0,-5,0,Tie
-1,0,4,0,T1
2,0,3,0,T1
0,0,-5,0,Tie
1,0,1,0,T2
0,0,-4,0,T1
2,0,1,0,T1
-3,0,-6,0,T2
4,0,2,0,T2
2,0,6,0,T2
5,0,-1,0,T2
-5,0,-2,0,T1
-4,0,1,0,Tie
-5,0,7,0,T2
-4,0,6,0,Tie
-6,0,3,0,T1
0,0,2,0,T1
-1,0,1,0,T1
1,0,4,0,Tie
1,0,-5,0,T1
5,0,6,0,T1
2,0,-5,0,Tie
-1,0,0,0,T1
1,0,1,0,Tie
5,0,-5,0,Tie
2,0,-4,0,T1
6,0,0,0,T1
-2,0,-4,0,Tie
5,0,1,0,T2
-6,0,2,0,T1
-4,0,3,0,T2
-4,0,5,0,T2
0,0,1,0,T2
1,0,5,0,T2
-2,0,5,0,T2
1,0,0,0,T2
1,0,-5,0,Tie
5,0,-5,0,T1
-1,0,3,0,T2
0,0,-2,0,T1
1,0,-3,0,T1
4,0,-3,0,T1
2,0,1,0,Tie
0,0,2,0,T1
3,0,2,0,T1
4,0,0,0,Tie
2,0,4,0,Tie
-3,0,0,0,Tie
3,0,0,0,Tie
-1,0,3,0,T2
1,0,0,0,T2
-6,0,3,0,Tie
-3,0,2,0,Tie
0,0,6,0,T1
1,0,-6,0,Tie
0,0,0,0,T1
-1,0,4,0,T1
-3,0,3,0,T1
-1,0,2,0,T1
3,0,0,0,T2
3,0,-2,0,T1
-5,0,-1,0,Tie
3,0,1,0,T2
4,0,-5,0,T1
-1,0,-6,0,T2
-2,0,3,0,Tie
1,0,6,0,T1
-5,0,-2,0,T1
0,0,0,0,T2
2,0,0,0,T1
-3,0,1,0,T1
4,0,5,0,Tie
0,0,3,0,T1
2,0,3,0,T2
-1,0,0,0,T1
5,0,3,0,T1
0,0,5,0,Tie
-3,0,2,0,T1
5,0,-4,0,T2
2,0,0,0,Tie
4,0,-6,0,Tie
-5,0,0,0,Tie
0,0,3,0,T1
2,0,-2,0,T1
-1,0,3,0,T2
-4,0,-1,0,T1
2,0,3,0,T1
-2,0,-5,0,T1
2,0,0,0,Tie
3,0,-3,0,T1
4,0,-1,0,T1
3,0,-4,0,T1
1,0,0,0,T2
-5,0,5,0,Tie
-4,0,3,0,T2
-2,0,0,0,Tie
4,0,2,0,T1
-1,0,-3,0,T1
-3,0,1,0,Tie
-5,0,0,0,T1
2,0,4,0,T1
0,0,1,0,Tie
-1,0,4,0,Tie
2,0,-4,0,T1
2,0,-2,0,T2
-1,0,3,0,T1
-1,0,-4,0,T1
-3,0,4,0,Tie
0,0,0,0,T1
3,0,-4,0,T1
0,0,4,0,T1
-5,0,-1,0,T1
5,0,-4,0,T2
4,0,0,0,T1
-4,0,-5,0,T1
5,0,1,0,T2
-1,0,5,0,Tie
-3,0,-1,0,T1
-1,0,1,0,T1
4,0,5,0,Tie
-4,0,1,0,T1
-1,0,2,0,T1
-1,0,-4,0,Tie
3,0,-2,0,T1
3,0,1,0,T1
1,0,-2,0,T1
2,0,-2,0,T2
-1,0,4,0,Tie
-3,0,-1,0,T1
1,0,3,0,Tie
-3,0,4,0,T2
4,0,0,0,T1
2,0,-4,0,Tie
-3,0,-6,0,T2
3,0,5,0,Tie
-2,0,1,0,T2
-3,0,-3,0,T1
-1,0,1,0,Tie
-2,0,1,0,Tie
4,0,3,0,T1
-8,0,0,0,T1
4,0,-2,0,T1
-1,0,-1,0,T1
1,0,0,0,T1
6,0,3,0,Tie
1,0,-7,0,T1
0,0,-2,0,T1
5,0,-1,0,T1
2,0,-4,0,Tie
-1,0,0,0,Tie
-2,0,-6,0,Tie
2,0,4,0,T1
-4,0,2,0,Tie
0,0,4,0,Tie
-3,0,1,0,T1
0,0,3,0,Tie
-1,0,1,0,T2
-2,0,-1,0,T1
-1,0,6,0,Tie
-2,0,-3,0,T1
1,0,-1,0,Tie
2,0,3,0,T1
-5,0,1,0,T1
-6,0,0,0,T2
5,0,-3,0,Tie
4,0,2,0,Tie
-2,0,-3,0,T2
-2,0,0,0,T2
1,0,-1,0,T1
-1,0,5,0,Tie
0,0,-3,0,T2
1,0,4,0,Tie
4,0,-6,0,T2
-1,0,-1,0,T1
2,0,6,0,T1
2,0,-6,0,T1
0,0,1,0,T1
-4,0,0,0,Tie
-1,0,-2,0,T1
-3,0,1,0,Tie
-5,0,6,0,T2
4,0,-1,0,T1
-4,0,1,0,T1
2,0,1,0,T2
-4,0,0,0,T2
7,0,-4,0,Tie
6,0,-4,0,Tie
0,0,3,0,Tie
0,0,-6,0,T2
1,0,1,0,Tie
-1,0,-4,0,T1
1,0,2,0,Tie
0,0,-1,0,T1
1,0,2,0,T1
4,0,-3,0,T2
-4,0,6,0,T2
1,0,6,0,T2
-5,0,1,0,Tie
-5,0,-3,0,T1
-3,0,-1,0,Tie
2,0,0,0,Tie
0,0,0,0,Tie
2,0,0,0,T1
-1,0,3,0,T1
6,0,-3,0,Tie
0,0,-5,0,T1
-1,0,-1,0,T2
0,0,-2,0,T1
-1,0,0,0,T1
5,0,-7,0,T2
0,0,3,0,T1
-5,0,-1,0,Tie
7,0,5,0,Tie
0,0,0,0,T2
1,0,5,0,Tie
-2,0,-5,0,Tie
1,0,3,0,T2
-3,0,-2,0,T2
-2,0,0,0,T1
3,0,0,0,T1
-6,0,-1,0,Tie
-1,0,-3,0,T2
1,0,-1,0,T2
4,0,8,0,T2
6,0,3,0,T1
-1,0,-1,0,T1
-3,0,0,0,T1
-1,0,4,0,T1
3,0,-1,0,Tie
-3,0,-1,0,T1
-4,0,-4,0,T2
8,0,1,0,T1
0,0,-6,0,T1
0,0,0,0,Tie
-2,0,9,0,T1
0,0,-4,0,Tie
4,0,-4,0,Tie
-4,0,6,0,T2
1,0,-7,0,T2
2,0,4,0,Tie
-5,0,1,0,T1
-2,0,0,0,T1
-2,0,2,0,T1
0,0,1,0,T1
0,0,0,0,T1
5,0,2,0,Tie
-1,0,2,0,T1
1,0,-4,0,Tie
-7,0,-2,0,T2
2,0,-2,0,T1
-5,0,3,0,Tie
-4,0,0,0,T2
11,0,-6,0,Tie
1,0,4,0,T2
1,0,1,0,T2
2,0,0,0,T1
2,0,-3,0,T1
-3,0,0,0,Tie
-5,0,-3,0,T1
3,0,-7,0,Tie
-6,0,1,0,T2
-1,0,1,0,T2
-1,0,6,0,T1
13,0,-1,0,T2
-3,0,1,0,Tie
4,0,-3,0,T2
1,0,2,0,T2
-2,0,-4,0,T2
5,0,3,0,Tie
0,0,14,0,T1
-8,0,1,0,Tie
-4,0,-5,0,T1
-1,0,-4,0,T1
0,0,-2,0,Tie
-1,0,4,0,T1
-5,0,-3,0,Tie
4,0,3,0,T1
14,0,-4,0,Tie
-5,0,-7,0,T1
0,0,-5,0,T2
-5,0,5,0,T2
-1,0,0,0,Tie
4,0,-1,0,Tie
0,0,1,0,T1
1,0,4,0,T1
-4,0,-4,0,Tie
-1,0,0,0,T1
7,0,15,0,T2
1,0,2,0,T1
2,0,-4,0,T1
-8,0,6,0,T1
0,0,-6,0,Tie
-8,0,1,0,Tie
-5,0,6,0,T1
-1,0,0,0,T1
6,0,2,0,Tie
13,0,-4,0,T1
0,0,6,0,T2
-4,0,7,0,Tie
-5,0,-1,0,Tie
-2,0,2,0,Tie
-8,0,-1,0,Tie
2,0,-4,0,T1
-1,0,-7,0,T1
2,0,-1,0,T2
6,0,3,0,T1
3,0,4,0,T2
0,0,12,0,T2
0,0,0,0,T1
-6,0,-6,0,T2
-2,0,-7,0,T1
-4,0,-3,0,T1
6,0,4,0,T1
-1,0,-2,0,Tie
-4,0,4,0,T1
-7,0,-5,0,Tie
0,0,6,0,Tie
12,0,0,0,T1
-5,0,4,0,Tie
-1,0,-2,0,T1
-1,0,-6,0,Tie
1,0,4,0,T2
5,0,-4,0,Tie
2,0,2,0,T1
-2,0,1,0,T1
3,0,-3,0,T1
3,0,5,0,Tie
1,0,0,0,T1
-5,0,11,0,T2
-1,0,0,0,Tie
-4,0,1,0,T2
2,0,-4,0,T1
-4,0,1,0,Tie
4,0,-5,0,T1
-2,0,-4,0,T2
4,0,3,0,T1
0,0,-2,0,Tie
-2,0,-4,0,T1
-1,0,3,0,Tie
-4,0,1,0,Tie
0,0,3,0,T1
4,0,0,0,Tie
0,0,-3,0,Tie
12,0,-2,0,T1
2,0,2,0,T1
-2,0,4,0,T2
0,0,13,0,T1
-1,0,3,0,T2
0,0,-1,0,T1
2,0,-3,0,T1
-4,0,-5,0,Tie
-4,0,-1,0,Tie
5,0,-1,0,T2
-1,0,-1,0,T2
-2,0,6,0,T1
12,0,3,0,T1
4,0,-1,0,T1
-4,0,0,0,T1
0,0,0,0,T2
-2,0,2,0,T1
-6,0,-4,0,T1
-2,0,0,0,T1
-1,0,3,0,Tie
1,0,-3,0,T1
-1,0,-2,0,Tie
8,0,12,0,T2
2,0,-1,0,T1
-1,0,-4,0,T1
-2,0,1,0,T1
-2,0,3,0,T1
-3,0,5,0,Tie
2,0,-1,0,T1
1,0,-5,0,T1
-2,0,-2,0,T2
1,0,1,0,Tie
5,0,8,0,Tie
12,0,0,0,T1
-4,0,2,0,Tie
-3,0,0,0,T1
1,0,1,0,T1
-3,0,-2,0,T1
-2,0,0,0,T1
-5,0,-3,0,T2
2,0,-1,0,T1
0,0,6,0,T1
7,0,-2,0,T1
0,0,-4,0,T1
-1,0,-2,0,T1
-2,0,12,0,T2
-1,0,3,0,T1
-3,0,3,0,T1
-4,0,1,0,T1
0,0,-5,0,Tie
3,0,-2,0,T1
6,0,-3,0,T1
-5,0,9,0,T1
10,0,4,0,T1
-3,0,0,0,Tie
4,0,0,0,Tie
-2,0,-1,0,Tie
-3,0,0,0,T1
0,0,-1,0,Tie
2,0,-4,0,T1
1,0,-3,0,Tie
0,0,-1,0,T2
1,0,4,0,T2
0,0,5,0,Tie
-3,0,-4,0,T2
7,0,4,0,T1
-2,0,0,0,T2
-1,0,-5,0,T1
-6,0,-1,0,T1
1,0,10,0,T2
6,0,-5,0,T2
-5,0,0,0,Tie
-3,0,6,0,T2
3,0,1,0,T1
-2,0,-1,0,Tie
4,0,2,0,T1
-5,0,6,0,Tie
9,0,-5,0,T1
3,0,0,0,T1
0,0,1,0,Tie
-2,0,-2,0,T1
-1,0,4,0,T1
0,0,-1,0,T1
-3,0,-1,0,T1
5,0,2,0,T1
-3,0,4,0,T1
1,0,8,0,T2
-4,0,-6,0,T2
0,0,-2,0,T1
0,0,-3,0,T1
5,0,5,0,T1
-7,0,2,0,T1
6,0,7,0,T2
-1,0,5,0,T2
-4,0,1,0,T1
-1,0,0,0,Tie
3,0,-2,0,Tie
-3,0,5,0,T1
-4,0,-5,0,Tie
5,0,0,0,Tie
1,0,0,0,T1
4,0,6,0,T1
4,0,4,0,T1
1,0,5,0,T2
0,0,-3,0,Tie
-5,0,1,0,Tie
0,0,-1,0,Tie
3,0,-4,0,Tie
0,0,0,0,T1
-1,0,-6,0,T2
7,0,-5,0,Tie
0,0,4,0,Tie
4,0,4,0,T2
-5,0,-1,0,T2
-2,0,0,0,T2
-1,0,0,0,T1
4,0,-4,0,T1
0,0,4,0,T1
5,0,-4,0,T1
0,0,0,0,Tie
-2,0,6,0,T2
-5,0,4,0,T2
-3,0,-1,0,T2
2,0,4,0,Tie
0,0,0,0,Tie
-6,0,-1,0,T1
5,0,2,0,T1
3,0,-1,0,T1
6,0,4,0,Tie
-1,0,-4,0,T1
-3,0,-5,0,T1
-3,0,-1,0,Tie
-5,0,2,0,Tie
-2,0,-5,0,Tie
0,0,-5,0,T2
3,0,-6,0,T1
0,0,6,0,T2
0,0,-1,0,T2
4,0,-3,0,Tie
4,0,7,0,T1
3,0,2,0,Tie
2,0,-1,0,Tie
0,0,3,0,T2
-5,0,-1,0,T1
-2,0,0,0,T2
-1,0,1,0,Tie
-6,0,-3,0,T2
7,0,2,0,Tie
-5,0,2,0,T2
7,0,-3,0,T1
0,0,4,0,T1
-3,0,6,0,T2
-3,0,9,0,T1
2,0,5,0,T1
1,0,8,0,T2
4,0,7,0,T1
-5,0,-5,0,T1
-3,0,2,0,T1
-4,0,-4,0,Tie
-1,0,0,0,T1
2,0,2,0,T1
2,0,-2,0,Tie
-4,0,-5,0,T1
0,0,2,0,Tie
3,0,-3,0,T1
2,0,2,0,Tie
-2,0,-2,0,T2
1,0,5,0,Tie
-3,0,4,0,T1
-4,0,-7,0,T2
6,0,3,0,T1
6,0,-3,0,Tie
-7,0,-2,0,T1
-1,0,2,0,T2
3,0,1,0,Tie
1,0,7,0,T1
-5,0,6,0,T2
4,0,0,0,Tie
-4,0,-2,0,Tie
-4,0,-7,0,T1
1,0,-1,0,T1
-2,0,3,0,T2
-3,0,2,0,T2
7,0,2,0,T1
-3,0,-1,0,Tie
6,0,0,0,Tie
-2,0,5,0,Tie
0,0,-4,0,T1
0,0,-1,0,Tie
4,0,2,0,Tie
2,0,-2,0,T1
0,0,-4,0,Tie
-7,0,-4,0,T2
5,0,4,0,Tie
-3,0,-3,0,T2
-2,0,2,0,T1
1,0,-1,0,Tie
-4,0,6,0,Tie
-1,0,2,0,Tie
-1,0,5,0,T2
1,0,1,0,T1
-3,0,0,0,T2
-8,0,-2,0,T1
-2,0,-1,0,T2
-2,0,4,0,Tie
4,0,-3,0,T1
2,0,-1,0,Tie
-1,0,-8,0,T1
-2,0,1,0,T1
5,0,-2,0,T1
1,0,-4,0,T1
5,0,0,0,T1
2,0,2,0,T1
-2,0,2,0,Tie
-1,0,3,0,Tie
-3,0,2,0,Tie
-4,0,0,0,T1
-1,0,1,0,Tie
-3,0,-2,0,T1
1,0,1,0,Tie
-2,0,-1,0,T1
4,0,1,0,T1
-8,0,5,0,T2
-4,0,-3,0,T1
1,0,3,0,T2
1,0,-8,0,T1
2,0,2,0,T1
1,0,-2,0,Tie
2,0,0,0,T2
7,0,-2,0,T2
2,0,-3,0,T2
7,0,-3,0,Tie
2,0,-1,0,T1
-5,0,2,0,T1
2,0,1,0,T1
-2,0,0,0,T2
0,0,-6,0,T2
-2,0,3,0,T2
-1,0,2,0,T1
-3,0,2,0,T1
-1,0,1,0,T2
-9,0,6,0,T2
8,0,1,0,T1
-1,0,0,0,T2
1,0,-3,0,Tie
4,0,0,0,Tie
2,0,0,0,Tie
2,0,10,0,Tie
-7,0,-9,0,Tie
-2,0,-1,0,T1
1,0,1,0,T1
3,0,-3,0,Tie
-1,0,1,0,T1
6,0,-2,0,T1
2,0,-7,0,Tie
-8,0,0,0,Tie
-3,0,4,0,T2
10,0,7,0,Tie
1,0,-1,0,Tie
1,0,-2,0,T1
-1,0,-2,0,Tie
-1,0,3,0,T2
1,0,3,0,T1
1,0,-7,0,T1
-11,0,5,0,T1
1,0,0,0,T2
3,0,-8,0,T1
6,0,2,0,T1
3,0,-12,0,Tie
5,0,-3,0,Tie
-1,0,-1,0,Tie
5,0,1,0,T1
2,0,1,0,Tie
11,0,4,0,Tie
-12,0,6,0,T1
-3,0,-1,0,T2
-2,0,4,0,Tie
-4,0,3,0,T1
3,0,1,0,T2
-2,0,2,0,T1
-8,0,-3,0,T2
5,0,-7,0,T1
0,0,-3,0,T1
5,0,3,0,T1
3,0,11,0,T2
-8,0,-7,0,T1
-3,0,-1,0,Tie
2,0,4,0,T2
3,0,-3,0,T1
-1,0,-11,0,T1
2,0,3,0,T1
-3,0,1,0,T1
4,0,2,0,T1
-4,0,4,0,T1
-3,0,-1,0,Tie
3,0,0,0,T1
1,0,-8,0,Tie
-6,0,2,0,T2
5,0,1,0,T2
-10,0,-4,0,T2
11,0,5,0,T1
1,0,3,0,T1
-8,0,10,0,T2
3,0,-3,0,Tie
1,0,-1,0,T1
-3,0,-3,0,T1
-4,0,1,0,T2
0,0,3,0,Tie
2,0,-8,0,T1
0,0,-6,0,T1
5,0,6,0,Tie
2,0,-2,0,T1
5,0,1,0,T1
-8,0,2,0,Tie
-4,0,-1,0,T1
-8,0,3,0,T2
1,0,2,0,T2
-7,0,-1,0,T1
4,0,-3,0,Tie
4,0,-2,0,T2
13,0,1,0,T2
-2,0,2,0,Tie
2,0,13,0,Tie
2,0,5,0,Tie
-3,0,-3,0,T1
-2,0,-8,0,Tie
2,0,1,0,T1
-2,0,-7,0,T1
-2,0,-9,0,T2
1,0,5,0,T1
-1,0,6,0,T1
-1,0,-1,0,T1
-2,0,1,0,Tie
5,0,3,0,T1
13,0,3,0,T1
-9,0,-2,0,Tie
1,0,0,0,T1
-8,0,-5,0,Tie
5,0,3,0,T1
2,0,-1,0,T1
-4,0,-4,0,T2
4,0,3,0,T2
-2,0,-8,0,T1
-1,0,2,0,T1
3,0,4,0,Tie
-4,0,-9,0,Tie
-7,0,-4,0,T1
-3,0,0,0,T1
1,0,14,0,Tie
3,0,-1,0,T1
1,0,1,0,T2
-1,0,-7,0,T1
5,0,2,0,T2
2,0,5,0,T1
-3,0,-2,0,T1
-6,0,1,0,Tie
-2,0,2,0,T1
14,0,-3,0,T1
4,0,-9,0,Tie
0,0,5,0,T1
-4,0,-5,0,T2
-4,0,4,0,Tie
-4,0,0,0,T1
-5,0,4,0,Tie
3,0,-5,0,T1
2,0,3,0,Tie
-7,0,14,0,T2
5,0,0,0,Tie
2,0,4,0,T2
-3,0,-1,0,T1
-10,0,-3,0,T1
1,0,-2,0,T1
-1,0,2,0,Tie
-1,0,3,0,T1
-2,0,4,0,Tie
-5,0,4,0,T2
0,0,-9,0,T1
-4,0,2,0,T1
3,0,-2,0,T1
13,0,-5,0,T1
4,0,-7,0,T1
3,0,-3,0,T1
-3,0,4,0,Tie
-6,0,4,0,T1
1,0,-4,0,T1
-1,0,-1,0,T2
3,0,-1,0,T1
-7,0,11,0,T2
-8,0,2,0,Tie
4,0,0,0,T1
-1,0,0,0,T1
4,0,-2,0,T1
10,0,2,0,T1
-3,0,5,0,T1
-2,0,4,0,Tie
-2,0,-1,0,T2
-1,0,-8,0,T1
3,0,-5,0,T1
3,0,-1,0,Tie
1,0,4,0,Tie
2,0,-7,0,Tie
-2,0,-2,0,T1
-2,0,-2,0,Tie
-9,0,-1,0,T1
0,0,9,0,T2
5,0,2,0,T2
0,0,-5,0,T2
4,0,-2,0,T1
2,0,2,0,T1
-5,0,-2,0,T2
-5,0,0,0,T2
-1,0,9,0,T2
2,0,1,0,Tie
2,0,1,0,Tie
-1,0,-9,0,T2
-3,0,-1,0,T1
-7,0,-5,0,T1
5,0,3,0,T1
2,0,5,0,Tie
-2,0,4,0,T1
-2,0,-4,0,T1
10,0,3,0,Tie
-10,0,-6,0,T1
0,0,1,0,T2
5,0,-4,0,T2
-4,0,0,0,T1
1,0,-2,0,Tie
0,0,3,0,T1
-5,0,-3,0,T2
3,0,-1,0,Tie
4,0,6,0,T1
-1,0,2,0,Tie
2,0,0,0,T2
-6,0,1,0,T1
-4,0,5,0,T1
3,0,4,0,T1
-1,0,11,0,Tie
0,0,-9,0,T1
-4,0,-5,0,Tie
5,0,1,0,T1
2,0,-2,0,T1
3,0,0,0,Tie
-2,0,-8,0,T2
0,0,0,0,T1
-7,0,1,0,T2
0,0,-4,0,T1
4,0,1,0,T1
1,0,3,0,T2
-4,0,3,0,T2
9,0,3,0,T1
3,0,-3,0,T1
3,0,3,0,Tie
-3,0,8,0,T2
-8,0,3,0,Tie
0,0,0,0,Tie
2,0,-2,0,Tie
6,0,1,0,T2
1,0,-4,0,Tie
-4,0,1,0,T1
0,0,1,0,T1
3,0,-7,0,Tie
-6,0,3,0,Tie
1,0,5,0,Tie
-2,0,3,0,T1
-3,0,3,0,Tie
1,0,-6,0,T1
0,0,0,0,Tie
-4,0,1,0,Tie
8,0,-3,0,T1
3,0,-3,0,T1
3,0,0,0,Tie
2,0,2,0,T2
-6,0,8,0,Tie
3,0,-6,0,T1
2,0,-3,0,T1
1,0,-4,0,T2
1,0,2,0,T2
-2,0,3,0,T2
4,0,0,0,T2
-1,0,1,0,T1
-4,0,-1,0,T1
2,0,0,0,T2
8,0,4,0,T1
2,0,-4,0,T1
0,0,2,0,Tie
-5,0,0,0,T2
-3,0,1,0,T2
4,0,-5,0,T2
-3,0,-1,0,Tie
-2,0,-1,0,T1
2,0,4,0,Tie
0,0,7,0,T2
-2,0,-3,0,T2
3,0,-5,0,Tie
2,0,3,0,Tie
-2,0,-8,0,T2
0,0,0,0,Tie
0,0,3,0,T1
0,0,3,0,T2
3,0,3,0,T1
0,0,-2,0,T1
2,0,-1,0,T1
-1,0,4,0,T1
-1,0,-1,0,T1
3,0,2,0,Tie
7,0,0,0,Tie
2,0,-7,0,T1
-5,0,1,0,T1
-3,0,-3,0,Tie
-4,0,3,0,T2
2,0,0,0,T1
-5,0,-1,0,T2
1,0,-4,0,T1
0,0,-1,0,T1
4,0,3,0,T1
-2,0,-2,0,T1
-3,0,0,0,T1
-1,0,6,0,T2
4,0,0,0,T2
-4,0,4,0,Tie
-1,0,2,0,T1
5,0,-3,0,T1
1,0,4,0,T2
2,0,-3,0,T1
0,0,-1,0,Tie
4,0,-1,0,T1
0,0,4,0,T1
-4,0,-4,0,T1
-3,0,2,0,T1
-1,0,0,0,Tie
2,0,-4,0,T2
6,0,2,0,T1
2,0,-4,0,T2
-2,0,1,0,T2
-1,0,0,0,T2
5,0,5,0,Tie
-4,0,1,0,Tie
-2,0,0,0,Tie
2,0,1,0,T1
-2,0,-4,0,T1
-4,0,-2,0,Tie
4,0,3,0,T1
-2,0,0,0,T1
-1,0,5,0,T2
4,0,2,0,T1
1,0,3,0,T2
3,0,-2,0,Tie
0,0,1,0,Tie
-1,0,-1,0,T1
-5,0,4,0,T2
-5,0,-5,0,T2
1,0,-4,0,Tie
2,0,-3,0,T1
0,0,1,0,Tie
6,0,1,0,T2
2,0,1,0,T1
-1,0,5,0,Tie
3,0,3,0,Tie
-1,0,-7,0,T2
-4,0,-3,0,T1
3,0,0,0,T2
-3,0,-2,0,T2
-7,0,3,0,T1
-1,0,1,0,T1
-3,0,7,0,Tie
4,0,3,0,T2
0,0,5,0,T1
2,0,-5,0,T1
1,0,-3,0,Tie
2,0,-1,0,Tie
-5,0,-1,0,T1
-7,0,-5,0,T2
4,0,1,0,Tie
-2,0,-3,0,T1
-1,0,-6,0,T1
1,0,-5,0,T1
-2,0,4,0,T1
-4,0,4,0,T2
6,0,3,0,T1
1,0,-4,0,T1
-1,0,0,0,T2
-1,0,5,0,T1
4,0,1,0,Tie
0,0,-1,0,T1
4,0,5,0,T1
4,0,-1,0,Tie
0,0,6,0,T2
-4,0,-2,0,Tie
2,0,1,0,T1
-4,0,-2,0,Tie
-5,0,1,0,Tie
-7,0,-4,0,T1
0,0,4,0,Tie
4,0,-1,0,T1
-2,0,-3,0,T1
2,0,4,0,Tie
0,0,4,0,Tie
7,0,-4,0,T1
-1,0,-7,0,T1
-3,0,0,0,Tie
-5,0,-5,0,T1
-2,0,1,0,Tie
4,0,2,0,T1
-1,0,5,0,T1
-2,0,1,0,T1
4,0,5,0,T1
1,0,1,0,T1
3,0,-2,0,T1
-1,0,-1,0,T1
0,0,0,0,T1
0,0,-4,0,T1
4,0,-2,0,Tie
-3,0,-2,0,T2
-8,0,3,0,T1
-5,0,8,0,T1
3,0,1,0,Tie
5,0,-3,0,Tie
7,0,5,0,T1
-1,0,-8,0,T1
-3,0,5,0,T1
-5,0,1,0,T1
-2,0,-5,0,Tie
-2,0,0,0,Tie
4,0,2,0,T1
-3,0,4,0,Tie
-4,0,3,0,T1
0,0,0,0,T1
0,0,-1,0,T1
-2,0,-2,0,T1
-1,0,-4,0,T1
-6,0,-2,0,Tie
-7,0,4,0,T2
4,0,9,0,Tie
2,0,-3,0,T2
6,0,3,0,Tie
-3,0,-5,0,T1
0,0,-4,0,Tie
-2,0,4,0,Tie
5,0,-2,0,T1
8,0,1,0,T1
-1,0,-9,0,Tie
4,0,2,0,Tie
-2,0,-5,0,Tie
-10,0,8,0,Tie
-5,0,-4,0,T2
4,0,4,0,T1
1,0,3,0,T2
1,0,1,0,Tie
-2,0,1,0,T1
-6,0,5,0,T1
-4,0,-2,0,T1
-6,0,8,0,Tie
8,0,-1,0,T1
3,0,-6,0,Tie
1,0,8,0,Tie
-3,0,3,0,Tie
-3,0,-7,0,T2
0,0,-5,0,T1
4,0,-9,0,T1
-2,0,1,0,T1
4,0,1,0,T2
8,0,10,0,T1
-4,0,3,0,T2
1,0,-2,0,T1
3,0,3,0,Tie
0,0,1,0,T1
-3,0,-2,0,T1
5,0,-3,0,T1
-6,0,-3,0,Tie
-5,0,2,0,T2
-9,0,1,0,T1
1,0,2,0,T1
2,0,0,0,T1
-3,0,3,0,Tie
3,0,1,0,Tie
-3,0,-2,0,T1
4,0,-5,0,T1
10,0,-2,0,T1
-2,0,-7,0,T2
3,0,6,0,T2
-3,0,-8,0,T1
-5,0,3,0,Tie
0,0,-2,0,T1
3,0,-2,0,Tie
1,0,9,0,T2
-3,0,3,0,T1
2,0,3,0,Tie
-3,0,-2,0,T1
-6,0,3,0,T2
-8,0,-3,0,Tie
7,0,0,0,T2
-4,0,0,0,Tie
3,0,4,0,Tie
-4,0,-2,0,T1
1,0,-1,0,T1
-1,0,-6,0,T1
-7,0,1,0,T2
-3,0,1,0,T2
4,0,2,0,T1
-4,0,6,0,Tie
9,0,2,0,Tie
2,0,-1,0,T2
4,0,2,0,T2
0,0,-6,0,T1
-1,0,-2,0,T1
-1,0,-1,0,T1
0,0,-3,0,T1
-2,0,-4,0,T1
5,0,-3,0,T1
3,0,11,0,Tie
-5,0,3,0,T2
2,0,2,0,Tie
1,0,6,0,Tie
-3,0,2,0,Tie
-1,0,1,0,Tie
-3,0,0,0,T2
-1,0,0,0,T1
-7,0,-5,0,T1
-1,0,2,0,T2
-4,0,10,0,Tie
2,0,1,0,T1
2,0,-3,0,T2
6,0,-3,0,Tie
0,0,0,0,Tie
10,0,5,0,T1
1,0,3,0,Tie
0,0,-6,0,T1
0,0,-1,0,Tie
0,0,-2,0,T1
2,0,-3,0,Tie
-7,0,0,0,T1
-2,0,7,0,Tie
-1,0,-6,0,T1
-4,0,6,0,T1
-2,0,0,0,T1
0,0,0,0,T2
-6,0,-1,0,Tie
0,0,0,0,Tie
-4,0,1,0,T1
4,0,0,0,T2
1,0,11,0,Tie
6,0,4,0,Tie
10,0,2,0,T1
1,0,-6,0,Tie
1,0,-1,0,Tie
-1,0,-2,0,Tie
1,0,-1,0,T2
-1,0,-3,0,T1
-1,0,2,0,T1
-6,0,-3,0,T2
4,0,-3,0,T1
2,0,4,0,Tie
-5,0,5,0,T2
2,0,-1,0,T1
-4,0,-1,0,T1
0,0,2,0,Tie
-3,0,1,0,T1
4,0,-4,0,Tie
-2,0,10,0,T2
0,0,-1,0,T2
-7,0,0,0,Tie
-2,0,1,0,T1
1,0,0,0,Tie
-1,0,-5,0,Tie
1,0,-6,0,T1
9,0,-2,0,T1
2,0,-3,0,T1
0,0,-2,0,Tie
5,0,2,0,Tie
-4,0,3,0,Tie
0,0,4,0,Tie
0,0,3,0,T1
4,0,5,0,Tie
-6,0,-2,0,Tie
-2,0,0,0,Tie
-5,0,10,0,Tie
-4,0,-1,0,T1
-3,0,0,0,Tie
0,0,1,0,T1
2,0,-3,0,T1
-1,0,4,0,T1
0,0,-3,0,Tie
5,0,-2,0,T1
-2,0,0,0,T1
-3,0,0,0,T1
2,0,4,0,T1
2,0,4,0,Tie
3,0,-4,0,T1
0,0,-5,0,Tie
-3,0,-4,0,Tie
8,0,0,0,T1
0,0,5,0,T2
1,0,2,0,T2
2,0,-2,0,Tie
-2,0,7,0,T2
-4,0,0,0,T2
-4,0,2,0,T2
6,0,-5,0,T2
-1,0,-2,0,Tie
0,0,0,0,Tie
-4,0,2,0,T2
1,0,0,0,T1
9,0,6,0,Tie
-2,0,-1,0,T1
2,0,-4,0,T1
-6,0,4,0,T1
-2,0,-3,0,T1
0,0,3,0,T1
0,0,0,0,Tie
4,0,-4,0,Tie
-3,0,0,0,Tie
3,0,-1,0,T1
-2,0,5,0,T1
-1,0,-1,0,T2
5,0,1,0,T1
3,0,-6,0,Tie
0,0,2,0,Tie
-3,0,-4,0,T2
0,0,-4,0,Tie
-2,0,-1,0,T2
2,0,8,0,T2
-6,0,-1,0,T1
-1,0,1,0,T1
4,0,4,0,T1
4,0,4,0,T2
-2,0,2,0,Tie
-5,0,0,0,Tie
0,0,-2,0,T1
-2,0,3,0,T1
9,0,-1,0,Tie
-5,0,-2,0,Tie
-2,0,-1,0,T1
-2,0,4,0,T1
3,0,-5,0,T1
-2,0,1,0,Tie
2,0,9,0,T2
4,0,-4,0,T1
3,0,-1,0,Tie
-1,0,-5,0,T1
-2,0,4,0,Tie
0,0,2,0,T1
4,0,-2,0,Tie
-3,0,0,0,T1
-4,0,-2,0,Tie
1,0,3,0,Tie
0,0,2,0,T2
8,0,1,0,T1
2,0,4,0,Tie
3,0,1,0,T1
-4,0,2,0,Tie
-5,0,-3,0,Tie
1,0,9,0,Tie
-4,0,0,0,Tie
3,0,6,0,T1
-2,0,-5,0,Tie
2,0,2,0,T2
2,0,2,0,T1
0,0,-3,0,Tie
-1,0,1,0,T2
0,0,6,0,T1
-4,0,-4,0,T1
-1,0,1,0,T1
7,0,0,0,Tie
-4,0,1,0,T2
3,0,-5,0,Tie
4,0,0,0,T1
10,0,2,0,Tie
1,0,-1,0,T1
-4,0,-4,0,T1
0,0,2,0,T1
-3,0,1,0,T2
0,0,4,0,T2
0,0,0,0,Tie
0,0,-3,0,T1
0,0,9,0,T1
-1,0,4,0,T1
-1,0,-3,0,T1
2,0,2,0,T1
0,0,0,0,Tie
-5,0,-2,0,T1
-2,0,8,0,T2
-2,0,0,0,Tie
-1,0,-9,0,T1
-2,0,2,0,Tie
2,0,1,0,T1
-1,0,0,0,T1
7,0,3,0,T1
-3,0,1,0,T1
-4,0,8,0,T2
-4,0,0,0,T1
-2,0,3,0,T2
-2,0,-1,0,T1
1,0,-3,0,T1
7,0,9,0,T1
-8,0,-4,0,T2
4,0,-1,0,T2
-2,0,-1,0,T1
3,0,-3,0,T1
1,0,-3,0,T1
0,0,-3,0,T2
2,0,4,0,T1
-4,0,4,0,Tie
-1,0,-2,0,Tie
-3,0,-2,0,Tie
4,0,0,0,Tie
-1,0,-8,0,Tie
9,0,-2,0,T1
-3,0,3,0,Tie
-4,0,2,0,T1
2,0,1,0,T2
-3,0,8,0,T1
3,0,0,0,T1
7,0,0,0,T1
-1,0,3,0,T2
4,0,0,0,T2
-9,0,-3,0,Tie
-1,0,8,0,T2
2,0,-2,0,T1
1,0,-4,0,T2
-2,0,-4,0,Tie
1,0,-4,0,Tie
-1,0,9,0,Tie
1,0,-1,0,T2
-6,0,8,0,Tie
2,0,-10,0,T1
-1,0,-2,0,T1
3,0,1,0,T1
0,0,1,0,Tie
-5,0,4,0,T1
-4,0,1,0,Tie
-3,0,3,0,T2
7,0,3,0,T1
3,0,3,0,T2
-1,0,-2,0,T1
-10,0,-6,0,T2
-3,0,-1,0,T1
7,0,1,0,T1
3,0,-6,0,T2
-1,0,0,0,T1
-2,0,0,0,T2
2,0,3,0,T1
0,0,1,0,T1
2,0,4,0,T1
-1,0,-3,0,Tie
-6,0,6,0,T2
-2,0,4,0,Tie
4,0,-1,0,T1
1,0,7,0,T2
3,0,-3,0,Tie
-6,0,0,0,T1
3,0,-2,0,T1
-4,0,-11,0,Tie
-1,0,3,0,Tie
8,0,0,0,T2
-1,0,4,0,Tie
7,0,3,0,T1
-12,0,0,0,T1
-4,0,-6,0,T1
3,0,0,0,T1
1,0,-6,0,Tie
-3,0,2,0,T1
5,0,-5,0,Tie
-1,0,1,0,Tie
2,0,-1,0,T1
0,0,9,0,T1
4,0,-3,0,T1
-5,0,0,0,T2
3,0,6,0,T2
1,0,-12,0,T1
-4,0,5,0,T2
-2,0,4,0,T1
-5,0,-2,0,T1
-2,0,1,0,T1
6,0,3,0,T1
8,0,-5,0,T1
-12,0,4,0,T1
6,0,5,0,Tie
-5,0,-5,0,T1
3,0,-1,0,Tie
2,0,3,0,Tie
-3,0,-4,0,Tie
-2,0,-4,0,Tie
-3,0,3,0,T1
-1,0,-4,0,T1
5,0,7,0,Tie
-2,0,7,0,T2
7,0,6,0,T2
3,0,-1,0,T1
2,0,-6,0,Tie
1,0,-4,0,Tie
-5,0,-12,0,T1
-5,0,2,0,T2
-5,0,-1,0,T1
0,0,7,0,T1
-4,0,2,0,Tie
0,0,0,0,T2
7,0,8,0,Tie
-10,0,-5,0,T2
-6,0,0,0,T2
3,0,-2,0,T1
7,0,-2,0,T1
7,0,-4,0,T1
7,0,-3,0,T1
2,0,0,0,Tie
-5,0,3,0,T1
6,0,8,0,Tie
0,0,-4,0,Tie
-5,0,7,0,Tie
-7,0,-2,0,T2
0,0,7,0,Tie
-3,0,-1,0,Tie
0,0,0,0,Tie
7,0,-2,0,T1
-3,0,5,0,T2
-3,0,-5,0,T1
8,0,-3,0,T1
-4,0,-6,0,T2
-2,0,1,0,T2
3,0,-1,0,Tie
-4,0,7,0,Tie
7,0,-6,0,T1
7,0,7,0,T2
4,0,4,0,Tie
-6,0,8,0,T2
0,0,1,0,T1
-6,0,-5,0,T2
10,0,-3,0,T2
-3,0,-1,0,T1
-4,0,0,0,Tie
-4,0,-2,0,T1
-6,0,-2,0,Tie
-1,0,-4,0,T1
-4,0,-3,0,T1
-1,0,7,0,T2
8,0,-5,0,T1
1,0,-1,0,T1
-5,0,9,0,T2
9,0,-6,0,T2
-5,0,6,0,T1
-4,0,-4,0,T1
2,0,1,0,T1
-5,0,-1,0,T2
6,0,2,0,T1
-4,0,8,0,T2
6,0,1,0,T1
-5,0,-3,0,Tie
-4,0,-6,0,T2
-2,0,-2,0,T1
-3,0,-1,0,T2
-6,0,-1,0,T2
-6,0,1,0,Tie
10,0,8,0,Tie
6,0,3,0,T1
-4,0,2,0,Tie
11,0,1,0,Tie
-4,0,5,0,T2
0,0,1,0,T1
-3,0,11,0,Tie
-1,0,6,0,T2
-2,0,5,0,T1
7,0,-4,0,Tie
3,0,-7,0,T2
1,0,-5,0,T1
7,0,-3,0,T1
-4,0,-8,0,T2
3,0,-6,0,T1
6,0,-3,0,T1
-9,0,-1,0,T1
5,0,3,0,Tie
-2,0,2,0,T2
-5,0,-2,0,T1
0,0,1,0,Tie
-7,0,0,0,T1
4,0,2,0,T1
-6,0,-6,0,T1
11,0,8,0,T1
2,0,-8,0,T1
-1,0,-1,0,T1
-2,0,12,0,T1
3,0,-7,0,T1
-1,0,4,0,T1
-6,0,6,0,Tie
0,0,-5,0,T1
-1,0,-3,0,T2
-6,0,1,0,T1
6,0,5,0,Tie
11,0,-1,0,T1
-8,0,2,0,Tie
6,0,-6,0,T1
3,0,2,0,T1
-5,0,-1,0,Tie
-3,0,-6,0,Tie
-5,0,-1,0,Tie
-2,0,7,0,Tie
5,0,4,0,T1
0,0,-2,0,T1
-7,0,-3,0,T1
6,0,6,0,T2
-1,0,-1,0,T1
-2,0,4,0,Tie
-2,0,-8,0,Tie
2,0,-2,0,T1
-4,0,4,0,T2
7,0,-4,0,T1
3,0,10,0,T2
-7,0,3,0,T2
-2,0,-2,0,T1
-3,0,-2,0,T1
-3,0,-2,0,T1
4,0,-6,0,T1
3,0,-2,0,T1
2,0,-4,0,Tie
6,0,6,0,T1
2,0,-2,0,T1
5,0,2,0,T2
-2,0,8,0,T1
-1,0,-2,0,Tie
1,0,-4,0,Tie
-2,0,11,0,T2
-7,0,0,0,T1
-5,0,-6,0,T1
1,0,1,0,Tie
10,0,4,0,T1
-6,0,-7,0,Tie
-1,0,-4,0,T1
-3,0,5,0,T2
-1,0,4,0,T2
0,0,6,0,T2
0,0,-1,0,T1
-4,0,-3,0,T2
8,0,0,0,T1
0,0,1,0,Tie
5,0,-5,0,T1
3,0,1,0,T1
5,0,2,0,T1
-4,0,8,0,T2
4,0,8,0,T2
0,0,-3,0,T1
-2,0,-2,0,Tie
-1,0,0,0,T2
-8,0,-2,0,T1
2,0,2,0,T2
8,0,1,0,T1
-4,0,4,0,T2
-3,0,-1,0,Tie
-1,0,0,0,T1
8,0,-7,0,T1
-1,0,5,0,T2
-1,0,2,0,T2
0,0,6,0,T1
-3,0,-3,0,Tie
5,0,8,0,Tie
2,0,7,0,T2
0,0,-2,0,T2
1,0,0,0,Tie
5,0,-2,0,T1
0,0,0,0,T1
-7,0,-3,0,Tie
2,0,-3,0,T1
5,0,-3,0,T2
-3,0,2,0,Tie
8,0,5,0,Tie
-2,0,1,0,Tie
2,0,-6,0,T1
-4,0,3,0,T1
-1,0,1,0,T2
7,0,5,0,Tie
0,0,-3,0,Tie
1,0,-4,0,T2
-4,0,1,0,T1
-1,0,5,0,T1
4,0,-3,0,T1
1,0,0,0,T1
-4,0,-2,0,Tie
5,0,2,0,T2
1,0,-1,0,Tie
2,0,-2,0,T2
-6,0,3,0,Tie
2,0,7,0,T2
3,0,0,0,T1
-3,0,8,0,T2
2,0,-2,0,T1
-2,0,2,0,T1
7,0,3,0,T1
-1,0,-5,0,T1
1,0,3,0,T1
7,0,-3,0,T1
-2,0,2,0,Tie
3,0,2,0,T1
0,0,-2,0,Tie
-5,0,6,0,T1
-2,0,6,0,T2
-4,0,7,0,T2
2,0,5,0,T1
6,0,-2,0,T1
-4,0,-1,0,T1
1,0,-1,0,T1
3,0,4,0,T1
4,0,-1,0,T2
2,0,-4,0,T1
-4,0,-1,0,T1
-2,0,-3,0,T1
7,0,1,0,Tie
-3,0,-3,0,T1
-2,0,4,0,T1
0,0,3,0,T1
-2,0,-1,0,T1
4,0,-3,0,T1
-1,0,6,0,Tie
5,0,6,0,T2
-5,0,5,0,T1
5,0,-1,0,T1
4,0,1,0,T1
-3,0,4,0,T2
3,0,8,0,T1
-2,0,-4,0,T2
5,0,-1,0,T1
4,0,4,0,Tie
0,0,-3,0,T1
-2,0,-4,0,T2
1,0,-2,0,T1
-2,0,5,0,T2
4,0,2,0,T1
-3,0,3,0,T2
-2,0,3,0,Tie
0,0,-3,0,Tie
3,0,-1,0,T1
3,0,6,0,T1
7,0,-2,0,Tie
-1,0,-1,0,Tie
-5,0,1,0,T1
2,0,4,0,T1
1,0,-4,0,T1
-1,0,-3,0,T2
6,0,-3,0,Tie
1,0,6,0,T2
6,0,-3,0,T1
0,0,-1,0,T2
-1,0,1,0,Tie
2,0,4,0,T2
-1,0,1,0,T2
-4,0,0,0,T1
-5,0,3,0,T1
-4,0,0,0,T1
-1,0,7,0,T1
0,0,3,0,T1
5,0,7,0,T1
0,0,-2,0,T2
5,0,0,0,T2
-2,0,-1,0,T2
4,0,2,0,T1
6,0,7,0,T1
0,0,-4,0,Tie
5,0,2,0,T1
0,0,-1,0,Tie
-1,0,-5,0,Tie
0,0,-2,0,T2
3,0,0,0,Tie
3,0,3,0,T2
3,0,-2,0,T2
-6,0,7,0,T1
4,0,-8,0,T1
-6,0,0,0,T1
1,0,4,0,T1
5,0,-5,0,T1
7,0,1,0,T2
3,0,1,0,T1
-6,0,-1,0,T1
6,0,-5,0,T1
3,0,2,0,T1
-2,0,-4,0,Tie
-6,0,2,0,T1
-3,0,2,0,T2
2,0,-7,0,Tie
-1,0,6,0,Tie
0,0,7,0,Tie
4,0,-7,0,T1
-6,0,-1,0,T1
-5,0,2,0,T2
0,0,6,0,T1
1,0,4,0,Tie
6,0,3,0,T1
5,0,0,0,T1
3,0,4,0,T1
-7,0,1,0,Tie
-5,0,-4,0,T2
3,0,-2,0,T2
1,0,-6,0,T1
6,0,-4,0,T1
3,0,-7,0,Tie
-2,0,1,0,T1
2,0,6,0,T1
3,0,3,0,T1
-6,0,3,0,T2
-3,0,6,0,T2
1,0,-7,0,Tie
-1,0,3,0,T1
-7,0,-3,0,T1
-4,0,-4,0,T2
-2,0,1,0,T1
7,0,2,0,T2
6,0,-2,0,T1
3,0,2,0,T2
-3,0,7,0,T2
4,0,-3,0,Tie
-9,0,-6,0,T1
-2,0,0,0,Tie
4,0,1,0,Tie
6,0,-7,0,Tie
3,0,-2,0,T2
1,0,-4,0,T1
-6,0,4,0,Tie
-4,0,4,0,T1
3,0,2,0,T2
-1,0,2,0,T1
-2,0,2,0,T2
-7,0,-8,0,Tie
-2,0,-2,0,T2
-3,0,3,0,T1
-2,0,6,0,T2
7,0,4,0,T2
2,0,-7,0,T1
8,0,-2,0,T2
4,0,0,0,T1
3,0,2,0,Tie
-5,0,-4,0,T2
0,0,5,0,T2
4,0,-7,0,T1
4,0,-3,0,T2
1,0,-4,0,Tie
4,0,-7,0,Tie
1,0,-3,0,T1
-1,0,2,0,T2
-3,0,4,0,T2
-3,0,1,0,T2
0,0,-5,0,T1
-6,0,4,0,Tie
0,0,6,0,T2
-3,0,-5,0,T1
6,0,5,0,Tie
2,0,0,0,Tie
-5,0,1,0,T1
-3,0,6,0,Tie
-3,0,-4,0,T1
1,0,-6,0,Tie
-5,0,-2,0,T1
2,0,5,0,T2
5,0,-2,0,T2
0,0,1,0,Tie
-3,0,-2,0,T2
1,0,-6,0,Tie
-8,0,-2,0,T1
5,0,1,0,T1
7,0,5,0,T2
2,0,-5,0,T1
1,0,1,0,Tie
2,0,-3,0,Tie
1,0,2,0,T2
4,0,2,0,T1
-3,0,5,0,Tie
-1,0,-6,0,T1
-4,0,-2,0,T1
-3,0,-1,0,T1
-5,0,6,0,T2
-1,0,3,0,T1
-4,0,1,0,Tie
1,0,5,0,Tie
5,0,2,0,T1
-2,0,-2,0,T1
-4,0,-2,0,T1
1,0,0,0,T1
-4,0,3,0,T2
4,0,-4,0,T1
4,0,-4,0,T1
2,0,-1,0,T1
1,0,-3,0,T1
3,0,1,0,Tie
-5,0,-3,0,T1
5,0,1,0,T2
2,0,4,0,T2
-2,0,3,0,T2
-3,0,-1,0,T1
-1,0,5,0,Tie
1,0,-6,0,T2
2,0,0,0,Tie
4,0,-7,0,Tie
-1,0,1,0,T2
-1,0,-4,0,T1
3,0,2,0,T2
-2,0,2,0,T2
-8,0,2,0,T1
1,0,-1,0,T1
-7,0,-1,0,T1
2,0,-1,0,T1
1,0,2,0,Tie
2,0,2,0,T1
5,0,5,0,T1
1,0,4,0,T1
1,0,3,0,T1
1,0,1,0,T2
0,0,0,0,Tie
2,0,-2,0,T1
5,0,-1,0,T1
4,0,0,0,Tie
-3,0,-8,0,T1
-4,0,2,0,Tie
1,0,4,0,T2
-7,0,1,0,T2
2,0,1,0,T1
-2,0,2,0,T1
0,0,1,0,T1
-7,0,-4,0,T2
0,0,4,0,Tie
-1,0,-4,0,T2
0,0,2,0,T1
5,0,3,0,T1
2,0,3,0,T1
1,0,-2,0,T2
4,0,0,0,Tie
0,0,-1,0,T1
5,0,1,0,Tie
2,0,0,0,T2
-6,0,-5,0,T1
0,0,1,0,T1
-5,0,-7,0,T1
3,0,4,0,Tie
-5,0,3,0,Tie
-1,0,0,0,T1
-6,0,0,0,Tie
4,0,4,0,Tie
1,0,-6,0,Tie
-1,0,-5,0,T1
-5,0,4,0,Tie
2,0,2,0,T2
-2,0,3,0,T1
3,0,1,0,T1
-1,0,2,0,T1
4,0,3,0,T1
5,0,-3,0,Tie
-2,0,-5,0,T1
2,0,-5,0,T1
-5,0,0,0,Tie
3,0,5,0,T1
3,0,2,0,T1
-5,0,-3,0,T2
1,0,5,0,Tie
-1,0,3,0,Tie
5,0,4,0,Tie
1,0,-5,0,T1
2,0,-4,0,T1
-3,0,-1,0,T1
0,0,-1,0,Tie
-4,0,1,0,T1
-1,0,-4,0,T1
2,0,4,0,T1
4,0,-6,0,Tie
1,0,-4,0,T1
-2,0,7,0,T1
3,0,0,0,Tie
-5,0,1,0,Tie
2,0,-3,0,T1
-1,0,5,0,T2
0,0,5,0,T1
-4,0,1,0,Tie
1,0,-5,0,T2
-6,0,1,0,T2
4,0,3,0,T1
1,0,4,0,Tie
-5,0,-1,0,T1
3,0,0,0,T1
-2,0,-2,0,T2
5,0,-4,0,T1
4,0,2,0,T1
2,0,2,0,T2
2,0,1,0,T1
0,0,1,0,T1
3,0,-5,0,T1
-4,0,6,0,T1
-6,0,2,0,T1
1,0,-5,0,T1
-2,0,5,0,T1
-3,0,-5,0,T2
1,0,1,0,T1
4,0,3,0,T1
-5,0,-4,0,T1
6,0,-5,0,Tie
-4,0,-3,0,Tie
1,0,7,0,T1
-4,0,0,0,T2
1,0,4,0,T1
-2,0,-2,0,T1
3,0,0,0,T2
1,0,3,0,T1
2,0,5,0,T2
3,0,-4,0,Tie
-2,0,0,0,T2
-6,0,-4,0,Tie
-1,0,2,0,T1
5,0,-5,0,Tie
6,0,-2,0,T1
-1,0,1,0,T2
0,0,-1,0,T1
-2,0,-4,0,T1
-6,0,-1,0,T1
1,0,2,0,T1
3,0,4,0,Tie
-4,0,-1,0,T1
0,0,-2,0,T2
0,0,4,0,Tie
4,0,1,0,T1
-3,0,6,0,T2
-2,0,1,0,T1
-2,0,5,0,T1
-1,0,-3,0,Tie
7,0,4,0,Tie
-4,0,-2,0,T2
2,0,2,0,T1
-5,0,-2,0,Tie
1,0,-3,0,Tie
4,0,-4,0,T1
0,0,3,0,T1
-1,0,0,0,T1
5,0,4,0,T1
1,0,0,0,T1
4,0,0,0,Tie
-4,0,-5,0,Tie
0,0,4,0,T1
-3,0,0,0,Tie
-2,0,-3,0,T2
3,0,-3,0,T1
-1,0,5,0,T2
-1,0,0,0,Tie
3,0,2,0,T1
5,0,3,0,T1
-4,0,5,0,T2
3,0,-1,0,T1
-1,0,-5,0,T2
0,0,4,0,Tie
-1,0,2,0,Tie
1,0,-1,0,Tie
-2,0,-4,0,T1
-2,0,-2,0,T1
-1,0,-1,0,Tie
3,0,-1,0,Tie
4,0,-1,0,T1
1,0,-3,0,T1
-4,0,3,0,T2
3,0,-1,0,T1
-3,0,0,0,T2
2,0,3,0,T1
-3,0,5,0,T1
-2,0,1,0,T1
1,0,3,0,T2
-4,0,3,0,Tie
4,0,4,0,T1
-3,0,-2,0,T1
-4,0,5,0,Tie
-1,0,-2,0,T1
1,0,2,0,Tie
-1,0,0,0,T2
-3,0,1,0,T1
3,0,-1,0,T1
4,0,-2,0,Tie
6,0,-2,0,T2
-1,0,-4,0,T1
-3,0,1,0,T1
3,0,-5,0,T1
2,0,0,0,T1
-1,0,2,0,T2
1,0,2,0,T1
0,0,2,0,T2
-1,0,-1,0,T2
2,0,1,0,T1
-5,0,-1,0,Tie
2,0,5,0,Tie
-3,0,-2,0,Tie
4,0,0,0,T1
-1,0,7,0,T1
-6,0,3,0,T1
0,0,-2,0,T1
-1,0,3,0,Tie
2,0,2,0,T1
0,0,-3,0,Tie
-2,0,2,0,Tie
-3,0,1,0,T1
2,0,5,0,T1
0,0,-2,0,T2
0,0,-4,0,T1
4,0,0,0,T1
-1,0,-6,0,Tie
7,0,2,0,T1
3,0,5,0,Tie
2,0,-2,0,T1
-5,0,0,0,T1
0,0,1,0,Tie
-1,0,7,0,T1
-4,0,3,0,T1
6,0,2,0,Tie
-7,0,0,0,Tie
-1,0,0,0,Tie
-1,0,0,0,T1
1,0,5,0,T2
3,0,2,0,Tie
1,0,1,0,T2
1,0,-6,0,T1
-3,0,0,0,T1
6,0,0,0,T1
1,0,-1,0,T2
4,0,0,0,T1
-1,0,-3,0,T1
1,0,-3,0,Tie
-5,0,-1,0,T2
-1,0,3,0,T2
-1,0,1,0,Tie
0,0,4,0,T1
-2,0,1,0,T2
5,0,-1,0,Tie
2,0,0,0,T2
-1,0,1,0,T1
-2,0,-3,0,T1
0,0,7,0,Tie
0,0,-1,0,Tie
-1,0,0,0,T1
4,0,-1,0,T1
-1,0,-1,0,T2
6,0,-1,0,T1
2,0,-1,0,Tie
1,0,1,0,Tie
0,0,-3,0,T2
0,0,5,0,Tie
2,0,-2,0,T1
-1,0,0,0,T2
0,0,0,0,Tie
0,0,-2,0,Tie
5,0,3,0,T1
0,0,0,0,T2
-3,0,-1,0,T1
-1,0,5,0,T2
1,0,-1,0,T2
-2,0,3,0,Tie
-6,0,6,0,Tie
-3,0,1,0,T1
2,0,-2,0,T2
3,0,0,0,T1
-5,0,-4,0,Tie
-2,0,-2,0,T1
5,0,5,0,T1
1,0,6,0,T1
-7,0,0,0,T1
4,0,-2,0,T2
-1,0,-1,0,T1
-2,0,0,0,Tie
-3,0,3,0,T1
6,0,-5,0,T1
-3,0,4,0,T1
1,0,4,0,Tie
-4,0,-2,0,Tie
4,0,-6,0,T1
0,0,5,0,T2
3,0,5,0,Tie
4,0,-1,0,T1
3,0,-2,0,Tie
2,0,-4,0,T1
-6,0,-2,0,T1
5,0,-2,0,Tie
0,0,0,0,Tie
-6,0,1,0,T1
-1,0,4,0,T1
-2,0,7,0,T1
-5,0,2,0,T2
5,0,4,0,T2
6,0,-1,0,Tie
-3,0,0,0,T1
-3,0,1,0,T1
8,0,1,0,Tie
-1,0,-6,0,T1
-1,0,-5,0,Tie
-7,0,2,0,Tie
1,0,-3,0,T1
-1,0,7,0,T1
-1,0,-1,0,Tie
-5,0,6,0,T2
-1,0,2,0,T1
3,0,6,0,Tie
1,0,-3,0,T1
-5,0,-2,0,T1
5,0,-7,0,T1
1,0,5,0,T2
-3,0,-1,0,T1
2,0,8,0,T1
-5,0,0,0,T1
-4,0,-5,0,T1
6,0,-1,0,T1
0,0,2,0,Tie
0,0,1,0,T2
-6,0,-4,0,Tie
1,0,5,0,T1
5,0,-5,0,T1
6,0,2,0,T2
-4,0,6,0,T2
-1,0,0,0,T1
0,0,3,0,T1
1,0,-4,0,Tie
-5,0,0,0,T2
4,0,0,0,T1
8,0,-3,0,T1
-5,0,-6,0,T1
-1,0,0,0,T1
9,0,-6,0,Tie
-4,0,5,0,T1
-1,0,2,0,T1
0,0,8,0,T2
-4,0,-3,0,T1
4,0,0,0,T1
-1,0,-4,0,T1
-5,0,3,0,T2
-7,0,2,0,T1
4,0,1,0,T1
0,0,-4,0,T1
5,0,5,0,T1
1,0,-1,0,T2
4,0,3,0,T2
-1,0,0,0,Tie
7,0,-8,0,Tie
-4,0,-5,0,Tie
3,0,1,0,T1
-5,0,-2,0,T1
-3,0,1,0,Tie
3,0,5,0,T1
4,0,4,0,T1
-5,0,4,0,Tie
-3,0,4,0,Tie
0,0,-6,0,Tie
-3,0,1,0,T1
0,0,-4,0,T1
-9,0,2,0,T1
0,0,-1,0,Tie
3,0,9,0,T1
0,0,1,0,T1
1,0,4,0,Tie
3,0,-5,0,Tie
-2,0,-1,0,T1
3,0,-3,0,T1
8,0,2,0,T1
-5,0,4,0,Tie
2,0,-8,0,T1
-6,0,2,0,T1
1,0,3,0,T1
0,0,7,0,T2
-6,0,2,0,T1
3,0,-7,0,T1
-2,0,-6,0,T2
0,0,-1,0,T1
3,0,-5,0,T1
-2,0,5,0,T1
1,0,0,0,T1
8,0,4,0,Tie
3,0,-1,0,T2
1,0,1,0,T1
-1,0,-3,0,Tie
1,0,5,0,Tie
6,0,0,0,T1
-8,0,-5,0,T1
-6,0,3,0,Tie
-3,0,-5,0,T2
0,0,-5,0,T1
2,0,0,0,Tie
6,0,-3,0,Tie
3,0,3,0,Tie
5,0,-8,0,Tie
-4,0,4,0,T2
0,0,1,0,T2
-5,0,-4,0,T1
-1,0,-8,0,T1
-1,0,-4,0,Tie
5,0,9,0,T2
5,0,-3,0,T2
0,0,6,0,T1
-7,0,1,0,Tie
-4,0,5,0,T2
2,0,-4,0,T1
-3,0,-6,0,T2
2,0,4,0,T2
-8,0,1,0,T1
-4,0,-3,0,T1
-3,0,-3,0,T2
0,0,8,0,T2
-3,0,8,0,T1
-3,0,2,0,Tie
5,0,4,0,Tie
-6,0,6,0,T2
-4,0,-2,0,T1
7,0,-5,0,T1
2,0,1,0,Tie
-4,0,4,0,T2
7,0,1,0,T2
7,0,3,0,T1
-4,0,-4,0,Tie
-3,0,-1,0,T2
-1,0,-5,0,T1
-4,0,8,0,T1
-4,0,1,0,T1
2,0,-4,0,T1
3,0,-1,0,Tie
1,0,-5,0,Tie
2,0,1,0,T2
-5,0,-2,0,Tie
-2,0,10,0,T1
-3,0,6,0,Tie
-4,0,-3,0,T2
7,0,-4,0,T1
4,0,-4,0,T1
-2,0,2,0,T2
9,0,2,0,T1
5,0,-4,0,T1
1,0,8,0,Tie
-6,0,-3,0,T1
-3,0,-3,0,T1
-2,0,3,0,T1
-4,0,-2,0,Tie
-4,0,3,0,T2
2,0,-2,0,T1
-4,0,0,0,T1
3,0,-4,0,Tie
-3,0,-3,0,T1
-2,0,9,0,T2
7,0,-5,0,T1
4,0,0,0,T2
0,0,6,0,T1
-3,0,-2,0,Tie
-2,0,3,0,T1
-3,0,0,0,T1
9,0,8,0,T1
7,0,5,0,Tie
-7,0,-2,0,T1
1,0,-1,0,T1
-3,0,-3,0,T1
-5,0,2,0,Tie
-5,0,-1,0,T1
3,0,0,0,T2
-2,0,6,0,T2
3,0,-4,0,T1
-3,0,-1,0,T1
-3,0,11,0,T1
-2,0,-3,0,T1
8,0,-1,0,T1
3,0,-6,0,T1
0,0,-3,0,T1
-1,0,-1,0,T1
-5,0,2,0,T2
3,0,0,0,T1
1,0,-1,0,Tie
-2,0,9,0,Tie
11,0,3,0,Tie
4,0,-2,0,T1
-5,0,-1,0,T1
-4,0,-3,0,T2
0,0,11,0,Tie
2,0,-4,0,T1
-3,0,-3,0,T1
-2,0,4,0,Tie
-3,0,-2,0,T1
1,0,-3,0,T2
0,0,2,0,T2
8,0,2,0,T1
